0,32.41599678993225,0.9333333333333333,37.29250565581492,53.020045042037964,0.95,61.79111796494982,32.30608677864075,0.9333333333333333,37.29250565581492,52.22200965881348,0.95,61.79111796494982,31.797627687454224,0.9333333333333333,37.29250565581492,52.422778606414795,0.95,61.79111796494982,0.004246950149536133,1.0,0.004294872283935547,1.0
1,2.6737778186798096,0.9333333333333333,37.29250565581492,3.576848030090332,0.95,61.79111796494982,31.38413119316101,0.9333333333333333,37.29250565581492,53.4345223903656,0.95,61.79111796494982,0.721750020980835,0.9333333333333333,36.68750360825993,3.2670679092407227,0.95,62.709135029466324,0.005901336669921875,1.0,0.010708332061767578,1.0
2,2.4935595989227295,0.9333333333333333,37.29250565581492,3.572587013244629,0.95,61.79111796494982,31.045859813690186,0.9333333333333333,37.29250565581492,54.28183150291443,0.95,61.79111796494982,1.1266624927520752,0.9333333333333333,36.63561771947582,5.414117336273193,0.95,63.23503108768216,0.00668644905090332,1.0,0.006427764892578125,1.0
3,2.590291976928711,0.9333333333333333,37.29250565581492,3.9205501079559326,0.95,61.79111796494982,32.57839775085449,0.9333333333333333,37.29250565581492,54.43875193595886,0.95,61.79111796494982,1.2663180828094482,0.9333333333333333,36.64226645303222,5.6719138622283936,0.95,63.51597566081011,0.006981611251831055,1.0,0.005049467086791992,1.0
4,2.6038036346435547,0.9333333333333333,37.29250565581492,3.8081047534942627,0.95,61.79111796494982,32.39546084403992,0.9333333333333333,37.29250565581492,53.42305016517639,0.95,61.79111796494982,1.4695477485656738,0.9333333333333333,36.628884332992584,5.875852823257446,0.95,63.715375015793086,0.006539583206176758,1.0,0.005149126052856445,1.0
5,2.591862440109253,0.9333333333333333,37.29250565581492,3.548168659210205,0.95,61.79111796494982,31.674413442611694,0.9333333333333333,37.29250565581492,51.19482731819153,0.95,61.79111796494982,1.5951793193817139,0.9333333333333333,36.55915594587373,2.837712287902832,0.95,63.85093355787319,0.010930776596069336,1.0,0.004079580307006836,1.0
6,2.5963404178619385,0.9333333333333333,37.29250565581492,3.56951904296875,0.95,61.79111796494982,31.90619993209839,0.9333333333333333,37.29250565581492,52.02279257774353,0.95,61.79111796494982,1.8305168151855469,0.9333333333333333,36.56690053339514,3.587519884109497,0.95,63.95800190911149,0.006350517272949219,1.0,0.0042345523834228516,1.0
7,2.5053882598876953,0.9333333333333333,37.29250565581492,3.5877208709716797,0.95,61.79111796494982,31.677095651626587,0.9333333333333333,37.29250565581492,52.81787037849426,0.95,61.79111796494982,2.097219228744507,0.9333333333333333,36.627697274229604,12.421143293380737,0.95,64.03627852401928,0.0069732666015625,1.0,0.0054094791412353516,1.0
8,2.4472365379333496,0.9333333333333333,37.29250565581492,3.505767345428467,0.95,61.79111796494982,31.175137758255005,0.9333333333333333,37.29250565581492,52.223650217056274,0.95,61.79111796494982,2.757335901260376,0.9333333333333333,36.601205427732566,8.589446306228638,0.95,64.09808934416179,0.005432844161987305,1.0,0.005200386047363281,1.0
9,2.5437166690826416,0.9333333333333333,37.29250565581492,3.6008219718933105,0.95,61.79111796494982,31.28768014907837,0.9333333333333333,37.29250565581492,52.399827003479004,0.95,61.79111796494982,2.304990291595459,0.9333333333333333,36.54550518785618,14.339966535568237,0.95,64.15246626615243,0.005733013153076172,1.0,0.005282402038574219,1.0
10,2.4328830242156982,0.9333333333333333,37.29250565581492,3.637260675430298,0.95,61.79111796494982,31.767845153808594,0.9333333333333333,37.29250565581492,52.655993938446045,0.95,61.79111796494982,31.998289585113525,0.9333333333333333,37.29250565581492,54.19064474105835,0.95,61.79111796494982,0.008605480194091797,1.0,0.007341861724853516,1.0
11,2.576986312866211,0.9333333333333333,37.29250565581492,3.76825213432312,0.95,61.79111796494982,31.619859218597412,0.9333333333333333,37.29250565581492,52.23858618736267,0.95,61.79111796494982,0.7931959629058838,0.9333333333333333,36.68750360825993,3.0582165718078613,0.95,62.709135029466324,0.006508588790893555,1.0,0.007814884185791016,1.0
12,2.7599992752075195,0.9333333333333333,37.29250565581492,3.7591261863708496,0.95,61.79111796494982,31.88014554977417,0.9333333333333333,37.29250565581492,52.49262547492981,0.95,61.79111796494982,1.0891592502593994,0.9333333333333333,36.63561771947582,5.270392179489136,0.95,63.23503108768216,0.006625175476074219,1.0,0.006377458572387695,1.0
13,2.640397548675537,0.9333333333333333,37.29250565581492,3.5602197647094727,0.95,61.79111796494982,32.050440549850464,0.9333333333333333,37.29250565581492,53.42853593826294,0.95,61.79111796494982,1.7662270069122314,0.9333333333333333,36.64226645303222,5.8615827560424805,0.95,63.51597566081011,0.004853487014770508,1.0,0.0051729679107666016,1.0
14,2.466275930404663,0.9333333333333333,37.29250565581492,3.9175970554351807,0.95,61.79111796494982,32.56372904777527,0.9333333333333333,37.29250565581492,54.90606999397278,0.95,61.79111796494982,2.037541151046753,0.9333333333333333,36.628884332992584,6.106060028076172,0.95,63.715375015793086,0.011093616485595703,1.0,0.006364583969116211,1.0
15,2.5821661949157715,0.9333333333333333,37.29250565581492,3.840452194213867,0.95,61.79111796494982,33.060359477996826,0.9333333333333333,37.29250565581492,52.3393018245697,0.95,61.79111796494982,1.682129144668579,0.9333333333333333,36.55915594587373,3.164879560470581,0.95,63.85093355787319,0.005156755447387695,1.0,0.005600452423095703,1.0
16,2.5157887935638428,0.9333333333333333,37.29250565581492,3.545747756958008,0.95,61.79111796494982,32.272544622421265,0.9333333333333333,37.29250565581492,52.70966911315918,0.95,61.79111796494982,1.8958766460418701,0.9333333333333333,36.56690053339514,3.711913585662842,0.95,63.95800190911149,0.008881568908691406,1.0,0.0058612823486328125,1.0
17,2.646205425262451,0.9333333333333333,37.29250565581492,3.572610378265381,0.95,61.79111796494982,32.345794677734375,0.9333333333333333,37.29250565581492,52.856486558914185,0.95,61.79111796494982,1.9771299362182617,0.9333333333333333,36.627697274229604,12.715707302093506,0.95,64.03627852401928,0.004506111145019531,1.0,0.005452871322631836,1.0
18,2.5444254875183105,0.9333333333333333,37.29250565581492,3.7139973640441895,0.95,61.79111796494982,32.229485750198364,0.9333333333333333,37.29250565581492,53.65057396888733,0.95,61.79111796494982,2.935173273086548,0.9333333333333333,36.601205427732566,9.015526056289673,0.95,64.09808934416179,0.006960868835449219,1.0,0.004415035247802734,1.0
19,2.746307849884033,0.9333333333333333,37.29250565581492,3.7661643028259277,0.95,61.79111796494982,32.568915128707886,0.9333333333333333,37.29250565581492,54.497326135635376,0.95,61.79111796494982,2.7147533893585205,0.9333333333333333,36.54550518785618,14.820152044296265,0.95,64.15246626615243,0.004003763198852539,1.0,0.011099576950073242,1.0
20,2.3970730304718018,0.9333333333333333,37.29250565581492,3.9226431846618652,0.95,61.79111796494982,32.58059287071228,0.9333333333333333,37.29250565581492,53.208648681640625,0.95,61.79111796494982,32.57537364959717,0.9333333333333333,37.29250565581492,54.98064875602722,0.95,61.79111796494982,0.004363536834716797,1.0,0.0038979053497314453,1.0
21,2.723641872406006,0.9333333333333333,37.29250565581492,3.673255443572998,0.95,61.79111796494982,32.96310091018677,0.9333333333333333,37.29250565581492,53.02144479751587,0.95,61.79111796494982,0.8203136920928955,0.9333333333333333,36.68750360825993,3.447558879852295,0.95,62.709135029466324,0.006744384765625,1.0,0.00631403923034668,1.0
22,2.4083638191223145,0.9333333333333333,37.29250565581492,3.4813079833984375,0.95,61.79111796494982,32.524121046066284,0.9333333333333333,37.29250565581492,54.57017993927002,0.95,61.79111796494982,1.0964126586914062,0.9333333333333333,36.63561771947582,5.772987127304077,0.95,63.23503108768216,0.0077550411224365234,1.0,0.006544589996337891,1.0
23,2.582853317260742,0.9333333333333333,37.29250565581492,3.7030532360076904,0.95,61.79111796494982,32.57961583137512,0.9333333333333333,37.29250565581492,53.52805829048157,0.95,61.79111796494982,1.249640703201294,0.9333333333333333,36.64226645303222,5.593405485153198,0.95,63.51597566081011,0.004953145980834961,1.0,0.004679679870605469,1.0
24,2.591803789138794,0.9333333333333333,37.29250565581492,3.627701759338379,0.95,61.79111796494982,32.38032507896423,0.9333333333333333,37.29250565581492,53.09011483192444,0.95,61.79111796494982,1.441448450088501,0.9333333333333333,36.628884332992584,5.835798263549805,0.95,63.715375015793086,0.0057256221771240234,1.0,0.004491329193115234,1.0
25,2.5759198665618896,0.9333333333333333,37.29250565581492,3.634369134902954,0.95,61.79111796494982,32.08224630355835,0.9333333333333333,37.29250565581492,52.020589113235474,0.95,61.79111796494982,1.6947336196899414,0.9333333333333333,36.55915594587373,2.903909206390381,0.95,63.85093355787319,0.005295276641845703,1.0,0.004475831985473633,1.0
26,2.4329168796539307,0.9333333333333333,37.29250565581492,3.475541591644287,0.95,61.79111796494982,31.798914670944214,0.9333333333333333,37.29250565581492,53.58915066719055,0.95,61.79111796494982,1.9511926174163818,0.9333333333333333,36.56690053339514,3.9236574172973633,0.95,63.95800190911149,0.00902247428894043,1.0,0.006398439407348633,1.0
27,2.6747007369995117,0.9333333333333333,37.29250565581492,3.7311654090881348,0.95,61.79111796494982,32.839858055114746,0.9333333333333333,37.29250565581492,53.51717758178711,0.95,61.79111796494982,2.0580413341522217,0.9333333333333333,36.627697274229604,13.395381450653076,0.95,64.03627852401928,0.006663084030151367,1.0,0.0038254261016845703,1.0
28,2.624741554260254,0.9333333333333333,37.29250565581492,3.653836250305176,0.95,61.79111796494982,34.755823373794556,0.9333333333333333,37.29250565581492,55.65447497367859,0.95,61.79111796494982,2.7769525051116943,0.9333333333333333,36.601205427732566,8.55396556854248,0.95,64.09808934416179,0.009299993515014648,1.0,0.0045812129974365234,1.0
29,2.4371609687805176,0.9333333333333333,37.29250565581492,3.692873239517212,0.95,61.79111796494982,32.07293343544006,0.9333333333333333,37.29250565581492,53.102086782455444,0.95,61.79111796494982,2.669475555419922,0.9333333333333333,36.54550518785618,14.512471914291382,0.95,64.15246626615243,0.0068776607513427734,1.0,0.003402233123779297,1.0
30,2.6338558197021484,0.9333333333333333,37.29250565581492,3.818181276321411,0.95,61.79111796494982,31.818747758865356,0.9333333333333333,37.29250565581492,54.46527576446533,0.95,61.79111796494982,32.687268018722534,0.9333333333333333,37.29250565581492,53.76432466506958,0.95,61.79111796494982,0.004598855972290039,1.0,0.01066899299621582,1.0
31,2.5854849815368652,0.9333333333333333,37.29250565581492,3.7354533672332764,0.95,61.79111796494982,32.570746421813965,0.9333333333333333,37.29250565581492,53.643189430236816,0.95,61.79111796494982,0.6888091564178467,0.9333333333333333,36.68750360825993,3.2131755352020264,0.95,62.709135029466324,0.0068089962005615234,1.0,0.005433320999145508,1.0
32,2.5416862964630127,0.9333333333333333,37.29250565581492,3.5895795822143555,0.95,61.79111796494982,32.72201943397522,0.9333333333333333,37.29250565581492,54.04879808425903,0.95,61.79111796494982,1.2323198318481445,0.9333333333333333,36.63561771947582,5.576767921447754,0.95,63.23503108768216,0.005643606185913086,1.0,0.004607677459716797,1.0
33,2.5265913009643555,0.9333333333333333,37.29250565581492,3.7614738941192627,0.95,61.79111796494982,31.427896738052368,0.9333333333333333,37.29250565581492,52.21227526664734,0.95,61.79111796494982,1.2875211238861084,0.9333333333333333,36.64226645303222,5.6084136962890625,0.95,63.51597566081011,0.005138397216796875,1.0,0.004398345947265625,1.0
34,2.564073324203491,0.9333333333333333,37.29250565581492,3.951962471008301,0.95,61.79111796494982,32.7427031993866,0.9333333333333333,37.29250565581492,53.58240580558777,0.95,61.79111796494982,1.4929711818695068,0.9333333333333333,36.628884332992584,5.991525411605835,0.95,63.715375015793086,0.0067288875579833984,1.0,0.006836891174316406,1.0
35,2.5330820083618164,0.9333333333333333,37.29250565581492,3.7497265338897705,0.95,61.79111796494982,31.81023073196411,0.9333333333333333,37.29250565581492,52.37133455276489,0.95,61.79111796494982,1.6567111015319824,0.9333333333333333,36.55915594587373,2.8891189098358154,0.95,63.85093355787319,0.007788896560668945,1.0,0.0055768489837646484,1.0
36,2.50799298286438,0.9333333333333333,37.29250565581492,3.631997585296631,0.95,61.79111796494982,32.85950970649719,0.9333333333333333,37.29250565581492,52.66357159614563,0.95,61.79111796494982,1.7586653232574463,0.9333333333333333,36.56690053339514,3.6336562633514404,0.95,63.95800190911149,0.007773399353027344,1.0,0.004124879837036133,1.0
37,2.5171399116516113,0.9333333333333333,37.29250565581492,3.6280038356781006,0.95,61.79111796494982,32.82855296134949,0.9333333333333333,37.29250565581492,53.820385694503784,0.95,61.79111796494982,2.039560079574585,0.9333333333333333,36.627697274229604,12.864450931549072,0.95,64.03627852401928,0.004984617233276367,1.0,0.004336118698120117,1.0
38,2.7070581912994385,0.9333333333333333,37.29250565581492,3.5669944286346436,0.95,61.79111796494982,32.52261662483215,0.9333333333333333,37.29250565581492,54.941837310791016,0.95,61.79111796494982,6.56509256362915,0.9333333333333333,36.601205427732566,8.956053733825684,0.95,64.09808934416179,0.11446857452392578,1.0,0.004117250442504883,1.0
39,2.5739758014678955,0.9333333333333333,37.29250565581492,3.7074201107025146,0.95,61.79111796494982,32.02069020271301,0.9333333333333333,37.29250565581492,54.336538314819336,0.95,61.79111796494982,3.1632039546966553,0.9333333333333333,36.54550518785618,16.032843112945557,0.95,64.15246626615243,0.011797904968261719,1.0,0.005730867385864258,1.0
40,2.5416910648345947,0.9333333333333333,37.29250565581492,3.4415297508239746,0.95,61.79111796494982,32.07188844680786,0.9333333333333333,37.29250565581492,52.77143311500549,0.95,61.79111796494982,34.20063138008118,0.9333333333333333,37.29250565581492,55.70736527442932,0.95,61.79111796494982,0.30492424964904785,1.0,0.005541801452636719,1.0
41,2.6031694412231445,0.9333333333333333,37.29250565581492,3.7827703952789307,0.95,61.79111796494982,32.74176740646362,0.9333333333333333,37.29250565581492,55.98828840255737,0.95,61.79111796494982,0.7743990421295166,0.9333333333333333,36.68750360825993,3.488701343536377,0.95,62.709135029466324,0.11121511459350586,1.0,0.004757404327392578,1.0
42,2.5580646991729736,0.9333333333333333,37.29250565581492,3.6162474155426025,0.95,61.79111796494982,33.544249057769775,0.9333333333333333,37.29250565581492,55.60817217826843,0.95,61.79111796494982,1.2241313457489014,0.9333333333333333,36.63561771947582,5.715403079986572,0.95,63.23503108768216,0.005989551544189453,1.0,0.006260395050048828,1.0
43,2.756060838699341,0.9333333333333333,37.29250565581492,3.9158105850219727,0.95,61.79111796494982,32.331746101379395,0.9333333333333333,37.29250565581492,54.75043177604675,0.95,61.79111796494982,1.2644670009613037,0.9333333333333333,36.64226645303222,5.577897548675537,0.95,63.51597566081011,0.006293535232543945,1.0,0.004941463470458984,1.0
44,2.5240421295166016,0.9333333333333333,37.29250565581492,3.8039751052856445,0.95,61.79111796494982,31.589200973510742,0.9333333333333333,37.29250565581492,53.44744801521301,0.95,61.79111796494982,1.470482349395752,0.9333333333333333,36.628884332992584,5.9781224727630615,0.95,63.715375015793086,0.005290508270263672,1.0,0.004888057708740234,1.0
45,2.750772476196289,0.9333333333333333,37.29250565581492,3.6472532749176025,0.95,61.79111796494982,32.030810594558716,0.9333333333333333,37.29250565581492,53.94555640220642,0.95,61.79111796494982,1.6294567584991455,0.9333333333333333,36.55915594587373,2.972883462905884,0.95,63.85093355787319,0.005269289016723633,1.0,0.0078012943267822266,1.0
46,2.6282846927642822,0.9333333333333333,37.29250565581492,3.6303622722625732,0.95,61.79111796494982,32.494389057159424,0.9333333333333333,37.29250565581492,54.23776125907898,0.95,61.79111796494982,1.9244978427886963,0.9333333333333333,36.56690053339514,3.8383917808532715,0.95,63.95800190911149,0.003705263137817383,1.0,0.004181623458862305,1.0
47,2.5704634189605713,0.9333333333333333,37.29250565581492,3.51308012008667,0.95,61.79111796494982,32.043782234191895,0.9333333333333333,37.29250565581492,52.3190643787384,0.95,61.79111796494982,1.957817792892456,0.9333333333333333,36.627697274229604,13.034174680709839,0.95,64.03627852401928,0.0066721439361572266,1.0,0.006950855255126953,1.0
48,2.4402034282684326,0.9333333333333333,37.29250565581492,3.66935658454895,0.95,61.79111796494982,31.387255668640137,0.9333333333333333,37.29250565581492,52.307703495025635,0.95,61.79111796494982,2.73368763923645,0.9333333333333333,36.601205427732566,8.825076818466187,0.95,64.09808934416179,0.0065457820892333984,1.0,0.003883838653564453,1.0
49,2.5040080547332764,0.9333333333333333,37.29250565581492,3.457911968231201,0.95,61.79111796494982,32.40071773529053,0.9333333333333333,37.29250565581492,54.24824404716492,0.95,61.79111796494982,3.2033936977386475,0.9333333333333333,36.54550518785618,15.468796491622925,0.95,64.15246626615243,0.005071163177490234,1.0,0.00429534912109375,1.0
50,2.7780048847198486,0.9333333333333333,37.29250565581492,3.7917234897613525,0.95,61.79111796494982,32.83258557319641,0.9333333333333333,37.29250565581492,53.72860598564148,0.95,61.79111796494982,32.07859539985657,0.9333333333333333,37.29250565581492,53.83031702041626,0.95,61.79111796494982,0.00924825668334961,1.0,0.007400989532470703,1.0
51,2.634716510772705,0.9333333333333333,37.29250565581492,3.618818521499634,0.95,61.79111796494982,33.080344915390015,0.9333333333333333,37.29250565581492,53.2069206237793,0.95,61.79111796494982,0.7497258186340332,0.9333333333333333,36.68750360825993,3.470710277557373,0.95,62.709135029466324,0.006771087646484375,1.0,0.006441354751586914,1.0
52,2.457143545150757,0.9333333333333333,37.29250565581492,3.716427803039551,0.95,61.79111796494982,33.10339069366455,0.9333333333333333,37.29250565581492,53.172916889190674,0.95,61.79111796494982,1.111797571182251,0.9333333333333333,36.63561771947582,5.370873928070068,0.95,63.23503108768216,0.005267143249511719,1.0,0.011187314987182617,1.0
53,2.567159652709961,0.9333333333333333,37.29250565581492,3.764055013656616,0.95,61.79111796494982,32.58452391624451,0.9333333333333333,37.29250565581492,53.521034479141235,0.95,61.79111796494982,1.2614545822143555,0.9333333333333333,36.64226645303222,5.73193359375,0.95,63.51597566081011,0.005730867385864258,1.0,0.007228851318359375,1.0
54,2.5597217082977295,0.9333333333333333,37.29250565581492,3.9201719760894775,0.95,61.79111796494982,31.711884021759033,0.9333333333333333,37.29250565581492,52.53968024253845,0.95,61.79111796494982,1.4784214496612549,0.9333333333333333,36.628884332992584,5.96621298789978,0.95,63.715375015793086,0.006564617156982422,1.0,0.005745410919189453,1.0
55,2.5214579105377197,0.9333333333333333,37.29250565581492,3.7007522583007812,0.95,61.79111796494982,31.6863214969635,0.9333333333333333,37.29250565581492,52.836819887161255,0.95,61.79111796494982,1.600541353225708,0.9333333333333333,36.55915594587373,2.933101177215576,0.95,63.85093355787319,0.005591630935668945,1.0,0.005877017974853516,1.0
56,2.5729072093963623,0.9333333333333333,37.29250565581492,3.6026382446289062,0.95,61.79111796494982,31.264179944992065,0.9333333333333333,37.29250565581492,53.48556065559387,0.95,61.79111796494982,1.8652229309082031,0.9333333333333333,36.56690053339514,3.9802093505859375,0.95,63.95800190911149,0.011437654495239258,1.0,0.005316257476806641,1.0
57,2.680997848510742,0.9333333333333333,37.29250565581492,3.837740659713745,0.95,61.79111796494982,32.49177575111389,0.9333333333333333,37.29250565581492,54.37788367271423,0.95,61.79111796494982,2.0571277141571045,0.9333333333333333,36.627697274229604,12.899563550949097,0.95,64.03627852401928,0.006691694259643555,1.0,0.0060350894927978516,1.0
58,2.5289363861083984,0.9333333333333333,37.29250565581492,3.646458148956299,0.95,61.79111796494982,32.32213234901428,0.9333333333333333,37.29250565581492,53.56882619857788,0.95,61.79111796494982,2.839681625366211,0.9333333333333333,36.601205427732566,8.731838703155518,0.95,64.09808934416179,0.0069959163665771484,1.0,0.004163265228271484,1.0
59,2.443593740463257,0.9333333333333333,37.29250565581492,3.762866258621216,0.95,61.79111796494982,31.79368829727173,0.9333333333333333,37.29250565581492,53.453296422958374,0.95,61.79111796494982,2.3823108673095703,0.9333333333333333,36.54550518785618,14.693639278411865,0.95,64.15246626615243,0.011661529541015625,1.0,0.0037322044372558594,1.0
60,2.5280520915985107,0.9333333333333333,37.29250565581492,3.5318968296051025,0.95,61.79111796494982,30.93009901046753,0.9333333333333333,37.29250565581492,53.84280276298523,0.95,61.79111796494982,32.58627223968506,0.9333333333333333,37.29250565581492,54.525344371795654,0.95,61.79111796494982,0.006707906723022461,1.0,0.007931709289550781,1.0
61,2.551374673843384,0.9333333333333333,37.29250565581492,3.855438470840454,0.95,61.79111796494982,32.811135053634644,0.9333333333333333,37.29250565581492,52.994616746902466,0.95,61.79111796494982,0.7606151103973389,0.9333333333333333,36.68750360825993,3.5030949115753174,0.95,62.709135029466324,0.004812955856323242,1.0,0.004533529281616211,1.0
62,2.570267915725708,0.9333333333333333,37.29250565581492,3.8755104541778564,0.95,61.79111796494982,32.15782189369202,0.9333333333333333,37.29250565581492,53.71133828163147,0.95,61.79111796494982,1.0301599502563477,0.9333333333333333,36.63561771947582,5.3504252433776855,0.95,63.23503108768216,0.004738569259643555,1.0,0.005290508270263672,1.0
63,2.4592065811157227,0.9333333333333333,37.29250565581492,3.662930488586426,0.95,61.79111796494982,34.84704899787903,0.9333333333333333,37.29250565581492,54.696651220321655,0.95,61.79111796494982,1.2836933135986328,0.9333333333333333,36.64226645303222,5.842237234115601,0.95,63.51597566081011,0.005731821060180664,1.0,0.005452871322631836,1.0
64,2.6062099933624268,0.9333333333333333,37.29250565581492,3.935549020767212,0.95,61.79111796494982,32.39659404754639,0.9333333333333333,37.29250565581492,53.538941383361816,0.95,61.79111796494982,1.4918489456176758,0.9333333333333333,36.628884332992584,6.156012535095215,0.95,63.715375015793086,0.008811473846435547,1.0,0.005486011505126953,1.0
65,2.686403274536133,0.9333333333333333,37.29250565581492,3.7741236686706543,0.95,61.79111796494982,32.57421040534973,0.9333333333333333,37.29250565581492,54.01628136634827,0.95,61.79111796494982,1.6282258033752441,0.9333333333333333,36.55915594587373,2.9973816871643066,0.95,63.85093355787319,0.004286766052246094,1.0,0.005160808563232422,1.0
66,2.5559465885162354,0.9333333333333333,37.29250565581492,3.7741076946258545,0.95,61.79111796494982,32.56661939620972,0.9333333333333333,37.29250565581492,54.187690019607544,0.95,61.79111796494982,1.8051574230194092,0.9333333333333333,36.56690053339514,3.7266969680786133,0.95,63.95800190911149,0.004784107208251953,1.0,0.005904436111450195,1.0
67,2.4269185066223145,0.9333333333333333,37.29250565581492,3.5593156814575195,0.95,61.79111796494982,31.336947679519653,0.9333333333333333,37.29250565581492,52.65393400192261,0.95,61.79111796494982,2.089439630508423,0.9333333333333333,36.627697274229604,12.894408941268921,0.95,64.03627852401928,0.006614208221435547,1.0,0.003819704055786133,1.0
68,2.486691951751709,0.9333333333333333,37.29250565581492,3.6694252490997314,0.95,61.79111796494982,31.638976335525513,0.9333333333333333,37.29250565581492,53.270925521850586,0.95,61.79111796494982,2.8093204498291016,0.9333333333333333,36.601205427732566,9.00051999092102,0.95,64.09808934416179,0.005166769027709961,1.0,0.01633930206298828,1.0
69,2.4875168800354004,0.9333333333333333,37.29250565581492,3.4910569190979004,0.95,61.79111796494982,32.14026927947998,0.9333333333333333,37.29250565581492,53.31162691116333,0.95,61.79111796494982,2.478289842605591,0.9333333333333333,36.54550518785618,14.755901098251343,0.95,64.15246626615243,0.006404876708984375,1.0,0.004951000213623047,1.0
70,2.599421977996826,0.9333333333333333,37.29250565581492,3.812173843383789,0.95,61.79111796494982,32.79487109184265,0.9333333333333333,37.29250565581492,53.3163161277771,0.95,61.79111796494982,32.27282524108887,0.9333333333333333,37.29250565581492,53.54755783081055,0.95,61.79111796494982,0.01597309112548828,1.0,0.006779909133911133,1.0
71,2.613116502761841,0.9333333333333333,37.29250565581492,3.852952003479004,0.95,61.79111796494982,32.33068084716797,0.9333333333333333,37.29250565581492,53.11618757247925,0.95,61.79111796494982,0.7506558895111084,0.9333333333333333,36.68750360825993,3.1323986053466797,0.95,62.709135029466324,0.006783246994018555,1.0,0.005785465240478516,1.0
72,2.6262736320495605,0.9333333333333333,37.29250565581492,3.8661446571350098,0.95,61.79111796494982,32.22233605384827,0.9333333333333333,37.29250565581492,53.87134146690369,0.95,61.79111796494982,0.9933693408966064,0.9333333333333333,36.63561771947582,5.536684989929199,0.95,63.23503108768216,0.0062389373779296875,1.0,0.005441427230834961,1.0
73,2.5396032333374023,0.9333333333333333,37.29250565581492,3.6111459732055664,0.95,61.79111796494982,32.74819779396057,0.9333333333333333,37.29250565581492,53.59530210494995,0.95,61.79111796494982,1.2441635131835938,0.9333333333333333,36.64226645303222,5.5536932945251465,0.95,63.51597566081011,0.005262136459350586,1.0,0.003656625747680664,1.0
74,2.5831503868103027,0.9333333333333333,37.29250565581492,4.001080513000488,0.95,61.79111796494982,32.58501124382019,0.9333333333333333,37.29250565581492,53.30287480354309,0.95,61.79111796494982,1.5305206775665283,0.9333333333333333,36.628884332992584,6.196200132369995,0.95,63.715375015793086,0.0061223506927490234,1.0,0.004648923873901367,1.0
75,2.434349298477173,0.9333333333333333,37.29250565581492,3.7667312622070312,0.95,61.79111796494982,32.06387758255005,0.9333333333333333,37.29250565581492,61.123671770095825,0.95,61.79111796494982,1.5866460800170898,0.9333333333333333,36.55915594587373,2.8685553073883057,0.95,63.85093355787319,0.08872151374816895,1.0,0.003692626953125,1.0
76,2.6824071407318115,0.9333333333333333,37.29250565581492,3.7868123054504395,0.95,61.79111796494982,32.31289482116699,0.9333333333333333,37.29250565581492,53.26398277282715,0.95,61.79111796494982,1.821237564086914,0.9333333333333333,36.56690053339514,3.8333041667938232,0.95,63.95800190911149,0.005467653274536133,1.0,0.0055429935455322266,1.0
77,2.6306235790252686,0.9333333333333333,37.29250565581492,3.820512294769287,0.95,61.79111796494982,32.744401693344116,0.9333333333333333,37.29250565581492,54.70808172225952,0.95,61.79111796494982,2.0517795085906982,0.9333333333333333,36.627697274229604,13.366689443588257,0.95,64.03627852401928,0.008544206619262695,1.0,0.0057163238525390625,1.0
78,2.416506767272949,0.9333333333333333,37.29250565581492,4.012521266937256,0.95,61.79111796494982,33.172255754470825,0.9333333333333333,37.29250565581492,54.981894731521606,0.95,61.79111796494982,3.061812400817871,0.9333333333333333,36.601205427732566,8.842191934585571,0.95,64.09808934416179,0.00437474250793457,1.0,0.005554914474487305,1.0
79,2.668626308441162,0.9333333333333333,37.29250565581492,3.6423656940460205,0.95,61.79111796494982,32.406867027282715,0.9333333333333333,37.29250565581492,54.209450244903564,0.95,61.79111796494982,2.463465929031372,0.9333333333333333,36.54550518785618,14.608386039733887,0.95,64.15246626615243,0.006718873977661133,1.0,0.005182504653930664,1.0
80,2.439728260040283,0.9333333333333333,37.29250565581492,3.656463384628296,0.95,61.79111796494982,31.946744680404663,0.9333333333333333,37.29250565581492,53.21806287765503,0.95,61.79111796494982,32.71977233886719,0.9333333333333333,37.29250565581492,54.10262441635132,0.95,61.79111796494982,0.0071392059326171875,1.0,0.006225109100341797,1.0
81,2.6258018016815186,0.9333333333333333,37.29250565581492,3.670424461364746,0.95,61.79111796494982,31.746975660324097,0.9333333333333333,37.29250565581492,53.02178883552551,0.95,61.79111796494982,0.746701717376709,0.9333333333333333,36.68750360825993,3.0517094135284424,0.95,62.709135029466324,0.005503416061401367,1.0,0.006682872772216797,1.0
82,2.575511932373047,0.9333333333333333,37.29250565581492,3.60068678855896,0.95,61.79111796494982,31.407493829727173,0.9333333333333333,37.29250565581492,52.894776821136475,0.95,61.79111796494982,1.0009963512420654,0.9333333333333333,36.63561771947582,5.308093547821045,0.95,63.23503108768216,0.006722450256347656,1.0,0.006209850311279297,1.0
83,2.508486032485962,0.9333333333333333,37.29250565581492,3.7413666248321533,0.95,61.79111796494982,31.59190320968628,0.9333333333333333,37.29250565581492,53.39178919792175,0.95,61.79111796494982,1.4587137699127197,0.9333333333333333,36.64226645303222,5.721515655517578,0.95,63.51597566081011,0.00682830810546875,1.0,0.007998943328857422,1.0
84,2.5587656497955322,0.9333333333333333,37.29250565581492,3.802128314971924,0.95,61.79111796494982,32.3719642162323,0.9333333333333333,37.29250565581492,53.47853875160217,0.95,61.79111796494982,1.429607629776001,0.9333333333333333,36.628884332992584,6.1018242835998535,0.95,63.715375015793086,0.0054399967193603516,1.0,0.0037767887115478516,1.0
85,2.675571918487549,0.9333333333333333,37.29250565581492,3.7080230712890625,0.95,61.79111796494982,32.233389139175415,0.9333333333333333,37.29250565581492,52.1569037437439,0.95,61.79111796494982,1.7588021755218506,0.9333333333333333,36.55915594587373,2.7905967235565186,0.95,63.85093355787319,0.005715131759643555,1.0,0.00565648078918457,1.0
86,2.8105251789093018,0.9333333333333333,37.29250565581492,3.713813066482544,0.95,61.79111796494982,32.42327427864075,0.9333333333333333,37.29250565581492,52.0711772441864,0.95,61.79111796494982,1.7563457489013672,0.9333333333333333,36.56690053339514,3.6921279430389404,0.95,63.95800190911149,0.006721019744873047,1.0,0.0039675235748291016,1.0
87,2.5605525970458984,0.9333333333333333,37.29250565581492,3.616297483444214,0.95,61.79111796494982,32.6408007144928,0.9333333333333333,37.29250565581492,52.88492703437805,0.95,61.79111796494982,1.9695310592651367,0.9333333333333333,36.627697274229604,13.028808832168579,0.95,64.03627852401928,0.004904985427856445,1.0,0.00547480583190918,1.0
88,2.6239964962005615,0.9333333333333333,37.29250565581492,3.700416088104248,0.95,61.79111796494982,31.665019989013672,0.9333333333333333,37.29250565581492,53.94328331947327,0.95,61.79111796494982,2.9498701095581055,0.9333333333333333,36.601205427732566,8.731356620788574,0.95,64.09808934416179,0.005276203155517578,1.0,0.004473686218261719,1.0
89,2.618354320526123,0.9333333333333333,37.29250565581492,3.9750313758850098,0.95,61.79111796494982,32.741952896118164,0.9333333333333333,37.29250565581492,53.76835012435913,0.95,61.79111796494982,2.419874668121338,0.9333333333333333,36.54550518785618,14.598962545394897,0.95,64.15246626615243,0.007543325424194336,1.0,0.0036323070526123047,1.0
90,2.523452043533325,0.9333333333333333,37.29250565581492,3.6261019706726074,0.95,61.79111796494982,31.158509969711304,0.9333333333333333,37.29250565581492,52.93537974357605,0.95,61.79111796494982,31.758562326431274,0.9333333333333333,37.29250565581492,52.352848052978516,0.95,61.79111796494982,0.004967927932739258,1.0,0.00540614128112793,1.0
91,2.5024642944335938,0.9333333333333333,37.29250565581492,4.046205520629883,0.95,61.79111796494982,31.392367839813232,0.9333333333333333,37.29250565581492,52.94069528579712,0.95,61.79111796494982,0.7994711399078369,0.9333333333333333,36.68750360825993,3.1365697383880615,0.95,62.709135029466324,0.006724357604980469,1.0,0.00629115104675293,1.0
92,2.526606559753418,0.9333333333333333,37.29250565581492,3.664029598236084,0.95,61.79111796494982,32.07342457771301,0.9333333333333333,37.29250565581492,53.78142523765564,0.95,61.79111796494982,1.0891876220703125,0.9333333333333333,36.63561771947582,5.511532545089722,0.95,63.23503108768216,0.004225492477416992,1.0,0.004587650299072266,1.0
93,2.7525696754455566,0.9333333333333333,37.29250565581492,3.7596099376678467,0.95,61.79111796494982,31.799326181411743,0.9333333333333333,37.29250565581492,52.732733726501465,0.95,61.79111796494982,1.3140134811401367,0.9333333333333333,36.64226645303222,5.524633169174194,0.95,63.51597566081011,0.004276275634765625,1.0,0.007047176361083984,1.0
94,2.4836535453796387,0.9333333333333333,37.29250565581492,3.578505754470825,0.95,61.79111796494982,31.45337677001953,0.9333333333333333,37.29250565581492,53.58103656768799,0.95,61.79111796494982,1.4677248001098633,0.9333333333333333,36.628884332992584,5.855154752731323,0.95,63.715375015793086,0.0065844058990478516,1.0,0.00426936149597168,1.0
95,2.631967306137085,0.9333333333333333,37.29250565581492,3.570488214492798,0.95,61.79111796494982,31.584649562835693,0.9333333333333333,37.29250565581492,52.77340388298035,0.95,61.79111796494982,1.591275930404663,0.9333333333333333,36.55915594587373,2.923764944076538,0.95,63.85093355787319,0.005702972412109375,1.0,0.00661015510559082,1.0
96,2.4800562858581543,0.9333333333333333,37.29250565581492,3.727626323699951,0.95,61.79111796494982,32.037723541259766,0.9333333333333333,37.29250565581492,54.00096154212952,0.95,61.79111796494982,1.8600242137908936,0.9333333333333333,36.56690053339514,3.9875147342681885,0.95,63.95800190911149,0.012781620025634766,1.0,0.005157470703125,1.0
97,2.7020063400268555,0.9333333333333333,37.29250565581492,3.8236441612243652,0.95,61.79111796494982,33.072927951812744,0.9333333333333333,37.29250565581492,54.407222747802734,0.95,61.79111796494982,1.9276001453399658,0.9333333333333333,36.627697274229604,13.02195405960083,0.95,64.03627852401928,0.005556821823120117,1.0,0.004075765609741211,1.0
98,2.687638521194458,0.9333333333333333,37.29250565581492,3.6578211784362793,0.95,61.79111796494982,31.970566987991333,0.9333333333333333,37.29250565581492,52.874478340148926,0.95,61.79111796494982,2.7849433422088623,0.9333333333333333,36.601205427732566,9.278005123138428,0.95,64.09808934416179,0.006804466247558594,1.0,0.004721164703369141,1.0
99,2.593096971511841,0.9333333333333333,37.29250565581492,3.9162912368774414,0.95,61.79111796494982,32.28344750404358,0.9333333333333333,37.29250565581492,53.93774914741516,0.95,61.79111796494982,2.4040541648864746,0.9333333333333333,36.54550518785618,15.171462535858154,0.95,64.15246626615243,0.006642341613769531,1.0,0.0055103302001953125,1.0
100,2.416079521179199,0.9333333333333333,37.29250565581492,3.534874677658081,0.95,61.79111796494982,32.699883222579956,0.9333333333333333,37.29250565581492,54.17784094810486,0.95,61.79111796494982,32.63054370880127,0.9333333333333333,37.29250565581492,53.97827911376953,0.95,61.79111796494982,0.006584882736206055,1.0,0.009520769119262695,1.0
101,2.45782208442688,0.9333333333333333,37.29250565581492,3.7571022510528564,0.95,61.79111796494982,31.21836280822754,0.9333333333333333,37.29250565581492,52.69814205169678,0.95,61.79111796494982,0.733069896697998,0.9333333333333333,36.68750360825993,2.99108624458313,0.95,62.709135029466324,0.005407094955444336,1.0,0.005396127700805664,1.0
102,2.611985683441162,0.9333333333333333,37.29250565581492,3.583299398422241,0.95,61.79111796494982,32.244691133499146,0.9333333333333333,37.29250565581492,52.39181923866272,0.95,61.79111796494982,1.0552246570587158,0.9333333333333333,36.63561771947582,5.388684034347534,0.95,63.23503108768216,0.004944801330566406,1.0,0.00539398193359375,1.0
103,2.5198535919189453,0.9333333333333333,37.29250565581492,3.808300256729126,0.95,61.79111796494982,31.586443185806274,0.9333333333333333,37.29250565581492,53.56273818016052,0.95,61.79111796494982,1.2739262580871582,0.9333333333333333,36.64226645303222,5.748050212860107,0.95,63.51597566081011,0.006823301315307617,1.0,0.013910293579101562,1.0
104,2.4787235260009766,0.9333333333333333,37.29250565581492,3.8061375617980957,0.95,61.79111796494982,32.04378414154053,0.9333333333333333,37.29250565581492,53.94598340988159,0.95,61.79111796494982,1.4913020133972168,0.9333333333333333,36.628884332992584,6.043331861495972,0.95,63.715375015793086,0.01850152015686035,1.0,0.007108449935913086,1.0
105,2.5315842628479004,0.9333333333333333,37.29250565581492,3.5666096210479736,0.95,61.79111796494982,31.98900079727173,0.9333333333333333,37.29250565581492,53.9299795627594,0.95,61.79111796494982,1.5345582962036133,0.9333333333333333,36.55915594587373,2.8156909942626953,0.95,63.85093355787319,0.00498199462890625,1.0,0.004529237747192383,1.0
106,2.6828229427337646,0.9333333333333333,37.29250565581492,3.716866970062256,0.95,61.79111796494982,32.13274931907654,0.9333333333333333,37.29250565581492,52.70879817008972,0.95,61.79111796494982,1.9443597793579102,0.9333333333333333,36.56690053339514,3.6837480068206787,0.95,63.95800190911149,0.005927324295043945,1.0,0.004149913787841797,1.0
107,2.5617499351501465,0.9333333333333333,37.29250565581492,3.716160535812378,0.95,61.79111796494982,32.2381010055542,0.9333333333333333,37.29250565581492,52.45884156227112,0.95,61.79111796494982,2.068758964538574,0.9333333333333333,36.627697274229604,12.838789701461792,0.95,64.03627852401928,0.004696846008300781,1.0,0.00494384765625,1.0
108,2.4873082637786865,0.9333333333333333,37.29250565581492,3.762484312057495,0.95,61.79111796494982,32.54913520812988,0.9333333333333333,37.29250565581492,54.02453351020813,0.95,61.79111796494982,2.973836660385132,0.9333333333333333,36.601205427732566,9.225444316864014,0.95,64.09808934416179,0.0053730010986328125,1.0,0.005072593688964844,1.0
109,2.48013973236084,0.9333333333333333,37.29250565581492,3.828141212463379,0.95,61.79111796494982,32.77545189857483,0.9333333333333333,37.29250565581492,54.43138551712036,0.95,61.79111796494982,2.518047571182251,0.9333333333333333,36.54550518785618,14.376029968261719,0.95,64.15246626615243,0.005840301513671875,1.0,0.0044422149658203125,1.0
110,2.619654655456543,0.9333333333333333,37.29250565581492,3.749627113342285,0.95,61.79111796494982,32.20603609085083,0.9333333333333333,37.29250565581492,52.68433427810669,0.95,61.79111796494982,31.606806993484497,0.9333333333333333,37.29250565581492,53.29217839241028,0.95,61.79111796494982,0.006783008575439453,1.0,0.006447553634643555,1.0
111,2.6690335273742676,0.9333333333333333,37.29250565581492,3.644321918487549,0.95,61.79111796494982,31.774441719055176,0.9333333333333333,37.29250565581492,51.489545822143555,0.95,61.79111796494982,0.7856533527374268,0.9333333333333333,36.68750360825993,3.125495195388794,0.95,62.709135029466324,0.009646177291870117,1.0,0.0035424232482910156,1.0
112,2.511392116546631,0.9333333333333333,37.29250565581492,3.546898603439331,0.95,61.79111796494982,32.003873109817505,0.9333333333333333,37.29250565581492,52.93740487098694,0.95,61.79111796494982,1.0712649822235107,0.9333333333333333,36.63561771947582,5.507492542266846,0.95,63.23503108768216,0.006186723709106445,1.0,0.0053594112396240234,1.0
113,2.4527673721313477,0.9333333333333333,37.29250565581492,3.762573719024658,0.95,61.79111796494982,31.552695989608765,0.9333333333333333,37.29250565581492,51.76936984062195,0.95,61.79111796494982,1.2724220752716064,0.9333333333333333,36.64226645303222,5.596332311630249,0.95,63.51597566081011,0.007953166961669922,1.0,0.0067517757415771484,1.0
114,2.3459312915802,0.9333333333333333,37.29250565581492,3.4476799964904785,0.95,61.79111796494982,31.213268518447876,0.9333333333333333,37.29250565581492,51.57559657096863,0.95,61.79111796494982,1.4708197116851807,0.9333333333333333,36.628884332992584,5.688700914382935,0.95,63.715375015793086,0.006755828857421875,1.0,0.006288051605224609,1.0
115,2.4027395248413086,0.9333333333333333,37.29250565581492,3.548361301422119,0.95,61.79111796494982,30.670017957687378,0.9333333333333333,37.29250565581492,50.930442333221436,0.95,61.79111796494982,1.6188271045684814,0.9333333333333333,36.55915594587373,2.921872854232788,0.95,63.85093355787319,0.006520986557006836,1.0,0.008056402206420898,1.0
116,2.491750955581665,0.9333333333333333,37.29250565581492,3.7864177227020264,0.95,61.79111796494982,31.118202924728394,0.9333333333333333,37.29250565581492,52.74472093582153,0.95,61.79111796494982,1.7659060955047607,0.9333333333333333,36.56690053339514,3.7046847343444824,0.95,63.95800190911149,0.005804538726806641,1.0,0.005331277847290039,1.0
117,2.4015772342681885,0.9333333333333333,37.29250565581492,3.7934608459472656,0.95,61.79111796494982,31.841087818145752,0.9333333333333333,37.29250565581492,52.465436935424805,0.95,61.79111796494982,1.949291467666626,0.9333333333333333,36.627697274229604,12.813088178634644,0.95,64.03627852401928,0.00782322883605957,1.0,0.008591890335083008,1.0
118,2.4751603603363037,0.9333333333333333,37.29250565581492,3.533031940460205,0.95,61.79111796494982,30.798173666000366,0.9333333333333333,37.29250565581492,51.22306990623474,0.95,61.79111796494982,2.733966588973999,0.9333333333333333,36.601205427732566,8.695616006851196,0.95,64.09808934416179,0.006567955017089844,1.0,0.0035331249237060547,1.0
119,2.4398727416992188,0.9333333333333333,37.29250565581492,3.600897789001465,0.95,61.79111796494982,31.030853271484375,0.9333333333333333,37.29250565581492,52.129305839538574,0.95,61.79111796494982,2.353935718536377,0.9333333333333333,36.54550518785618,14.499481201171875,0.95,64.15246626615243,0.006561279296875,1.0,0.005402803421020508,1.0
120,2.375290632247925,0.9333333333333333,37.29250565581492,3.5607807636260986,0.95,61.79111796494982,30.77440118789673,0.9333333333333333,37.29250565581492,51.77992582321167,0.95,61.79111796494982,30.793689250946045,0.9333333333333333,37.29250565581492,46.060760736465454,0.95,61.79111796494982,0.004669189453125,1.0,0.004349470138549805,1.0
121,2.285945415496826,0.9333333333333333,37.29250565581492,3.279207706451416,0.95,61.79111796494982,27.51152491569519,0.9333333333333333,37.29250565581492,44.845025300979614,0.95,61.79111796494982,0.6667599678039551,0.9333333333333333,36.68750360825993,2.683664321899414,0.95,62.709135029466324,0.005023956298828125,1.0,0.004485607147216797,1.0
122,2.276116132736206,0.9333333333333333,37.29250565581492,3.258209466934204,0.95,61.79111796494982,26.617999792099,0.9333333333333333,37.29250565581492,45.562185525894165,0.95,61.79111796494982,0.9521372318267822,0.9333333333333333,36.63561771947582,4.553367853164673,0.95,63.23503108768216,0.005872964859008789,1.0,0.005330801010131836,1.0
123,2.056032657623291,0.9333333333333333,37.29250565581492,3.0739643573760986,0.95,61.79111796494982,27.398639917373657,0.9333333333333333,37.29250565581492,44.45289468765259,0.95,61.79111796494982,1.4075531959533691,0.9333333333333333,36.64226645303222,4.872183799743652,0.95,63.51597566081011,0.007012128829956055,1.0,0.006638050079345703,1.0
124,2.0962741374969482,0.9333333333333333,37.29250565581492,3.062213897705078,0.95,61.79111796494982,26.248658418655396,0.9333333333333333,37.29250565581492,45.60502338409424,0.95,61.79111796494982,1.239816665649414,0.9333333333333333,36.628884332992584,5.08814549446106,0.95,63.715375015793086,0.004651784896850586,1.0,0.0040874481201171875,1.0
125,2.153578281402588,0.9333333333333333,37.29250565581492,3.3647751808166504,0.95,61.79111796494982,27.829633951187134,0.9333333333333333,37.29250565581492,46.65923738479614,0.95,61.79111796494982,1.4625494480133057,0.9333333333333333,36.55915594587373,2.587841033935547,0.95,63.85093355787319,0.004781961441040039,1.0,0.004667520523071289,1.0
126,2.3381567001342773,0.9333333333333333,37.29250565581492,3.2469875812530518,0.95,61.79111796494982,28.416004180908203,0.9333333333333333,37.29250565581492,45.09427452087402,0.95,61.79111796494982,1.6195430755615234,0.9333333333333333,36.56690053339514,3.2733192443847656,0.95,63.95800190911149,0.005180835723876953,1.0,0.0056383609771728516,1.0
127,2.1149065494537354,0.9333333333333333,37.29250565581492,2.920361042022705,0.95,61.79111796494982,27.50647807121277,0.9333333333333333,37.29250565581492,44.328502893447876,0.95,61.79111796494982,1.677809715270996,0.9333333333333333,36.627697274229604,10.951003313064575,0.95,64.03627852401928,0.006628513336181641,1.0,0.006337642669677734,1.0
128,2.0423364639282227,0.9333333333333333,37.29250565581492,3.174989700317383,0.95,61.79111796494982,26.73017930984497,0.9333333333333333,37.29250565581492,44.72702598571777,0.95,61.79111796494982,2.373889684677124,0.9333333333333333,36.601205427732566,7.656415939331055,0.95,64.09808934416179,0.00415802001953125,1.0,0.005493640899658203,1.0
129,2.100831985473633,0.9333333333333333,37.29250565581492,3.1609978675842285,0.95,61.79111796494982,27.572531700134277,0.9333333333333333,37.29250565581492,44.60471796989441,0.95,61.79111796494982,2.086179494857788,0.9333333333333333,36.54550518785618,12.456961870193481,0.95,64.15246626615243,0.006879329681396484,1.0,0.004305362701416016,1.0
130,2.2892909049987793,0.9333333333333333,37.29250565581492,3.258350133895874,0.95,61.79111796494982,28.07010245323181,0.9333333333333333,37.29250565581492,46.62220001220703,0.95,61.79111796494982,27.598216772079468,0.9333333333333333,37.29250565581492,45.64216375350952,0.95,61.79111796494982,0.0066874027252197266,1.0,0.006357669830322266,1.0
131,2.036116600036621,0.9333333333333333,37.29250565581492,3.027402639389038,0.95,61.79111796494982,27.10414218902588,0.9333333333333333,37.29250565581492,44.47438931465149,0.95,61.79111796494982,0.6897625923156738,0.9333333333333333,36.68750360825993,2.668245792388916,0.95,62.709135029466324,0.004728555679321289,1.0,0.003601551055908203,1.0
132,2.076150894165039,0.9333333333333333,37.29250565581492,3.0675394535064697,0.95,61.79111796494982,27.380051136016846,0.9333333333333333,37.29250565581492,46.550087690353394,0.95,61.79111796494982,0.8671371936798096,0.9333333333333333,36.63561771947582,4.550217151641846,0.95,63.23503108768216,0.006745100021362305,1.0,0.0063250064849853516,1.0
133,2.0246801376342773,0.9333333333333333,37.29250565581492,3.172178268432617,0.95,61.79111796494982,27.272597312927246,0.9333333333333333,37.29250565581492,46.06651449203491,0.95,61.79111796494982,1.0670485496520996,0.9333333333333333,36.64226645303222,4.733894348144531,0.95,63.51597566081011,0.006797313690185547,1.0,0.00648045539855957,1.0
134,2.1908626556396484,0.9333333333333333,37.29250565581492,3.231654405593872,0.95,61.79111796494982,28.251031637191772,0.9333333333333333,37.29250565581492,46.56525921821594,0.95,61.79111796494982,1.4072365760803223,0.9333333333333333,36.628884332992584,5.173431158065796,0.95,63.715375015793086,0.0037643909454345703,1.0,0.003904581069946289,1.0
135,2.1842949390411377,0.9333333333333333,37.29250565581492,3.3856146335601807,0.95,61.79111796494982,28.153084993362427,0.9333333333333333,37.29250565581492,45.92471885681152,0.95,61.79111796494982,1.3032844066619873,0.9333333333333333,36.55915594587373,2.554659366607666,0.95,63.85093355787319,0.004369258880615234,1.0,0.003545045852661133,1.0
136,2.2333834171295166,0.9333333333333333,37.29250565581492,3.2252652645111084,0.95,61.79111796494982,28.16183090209961,0.9333333333333333,37.29250565581492,43.88877892494202,0.95,61.79111796494982,1.5616931915283203,0.9333333333333333,36.56690053339514,3.349919557571411,0.95,63.95800190911149,0.005373239517211914,1.0,0.004157066345214844,1.0
137,2.059705972671509,0.9333333333333333,37.29250565581492,3.1299474239349365,0.95,61.79111796494982,26.957205295562744,0.9333333333333333,37.29250565581492,46.90137815475464,0.95,61.79111796494982,1.6975529193878174,0.9333333333333333,36.627697274229604,11.593118667602539,0.95,64.03627852401928,0.004906415939331055,1.0,0.005256175994873047,1.0
138,2.1156389713287354,0.9333333333333333,37.29250565581492,2.965759515762329,0.95,61.79111796494982,26.89984655380249,0.9333333333333333,37.29250565581492,46.25212359428406,0.95,61.79111796494982,2.4980082511901855,0.9333333333333333,36.601205427732566,7.794404029846191,0.95,64.09808934416179,0.006845712661743164,1.0,0.004682779312133789,1.0
139,2.2323505878448486,0.9333333333333333,37.29250565581492,3.103985071182251,0.95,61.79111796494982,27.71573758125305,0.9333333333333333,37.29250565581492,46.88386106491089,0.95,61.79111796494982,2.1426761150360107,0.9333333333333333,36.54550518785618,13.14542841911316,0.95,64.15246626615243,0.0058803558349609375,1.0,0.004918098449707031,1.0
140,2.27634859085083,0.9333333333333333,37.29250565581492,3.2322757244110107,0.95,61.79111796494982,27.839046001434326,0.9333333333333333,37.29250565581492,44.99585795402527,0.95,61.79111796494982,26.380212783813477,0.9333333333333333,37.29250565581492,45.809882164001465,0.95,61.79111796494982,0.0057523250579833984,1.0,0.006877899169921875,1.0
141,2.081552267074585,0.9333333333333333,37.29250565581492,3.0687315464019775,0.95,61.79111796494982,26.999992847442627,0.9333333333333333,37.29250565581492,45.257811546325684,0.95,61.79111796494982,0.5987861156463623,0.9333333333333333,36.68750360825993,2.7111899852752686,0.95,62.709135029466324,0.006035566329956055,1.0,0.005843162536621094,1.0
142,2.2110986709594727,0.9333333333333333,37.29250565581492,3.2432351112365723,0.95,61.79111796494982,26.770008087158203,0.9333333333333333,37.29250565581492,45.05715799331665,0.95,61.79111796494982,0.9513335227966309,0.9333333333333333,36.63561771947582,4.857913017272949,0.95,63.23503108768216,0.0057413578033447266,1.0,0.005100727081298828,1.0
143,2.1491408348083496,0.9333333333333333,37.29250565581492,3.0418827533721924,0.95,61.79111796494982,28.27323842048645,0.9333333333333333,37.29250565581492,46.20961928367615,0.95,61.79111796494982,1.1039352416992188,0.9333333333333333,36.64226645303222,4.922314643859863,0.95,63.51597566081011,0.004317522048950195,1.0,0.003981590270996094,1.0
144,2.2943432331085205,0.9333333333333333,37.29250565581492,3.137377977371216,0.95,61.79111796494982,27.940061569213867,0.9333333333333333,37.29250565581492,44.77852964401245,0.95,61.79111796494982,1.6299190521240234,0.9333333333333333,36.628884332992584,5.183589220046997,0.95,63.715375015793086,0.0047757625579833984,1.0,0.0041086673736572266,1.0
145,2.117733955383301,0.9333333333333333,37.29250565581492,3.0077695846557617,0.95,61.79111796494982,26.890559673309326,0.9333333333333333,37.29250565581492,45.35485363006592,0.95,61.79111796494982,1.397599220275879,0.9333333333333333,36.55915594587373,2.527864933013916,0.95,63.85093355787319,0.006776571273803711,1.0,0.00649261474609375,1.0
146,2.246624708175659,0.9333333333333333,37.29250565581492,3.5365047454833984,0.95,61.79111796494982,26.107868671417236,0.9333333333333333,37.29250565581492,45.27788019180298,0.95,61.79111796494982,1.5570876598358154,0.9333333333333333,36.56690053339514,3.2622971534729004,0.95,63.95800190911149,0.006685733795166016,1.0,0.006621122360229492,1.0
147,2.0220253467559814,0.9333333333333333,37.29250565581492,2.955270528793335,0.95,61.79111796494982,27.24743103981018,0.9333333333333333,37.29250565581492,45.644933223724365,0.95,61.79111796494982,1.6698455810546875,0.9333333333333333,36.627697274229604,11.074922323226929,0.95,64.03627852401928,0.0046427249908447266,1.0,0.004439830780029297,1.0
148,2.063215970993042,0.9333333333333333,37.29250565581492,3.1612119674682617,0.95,61.79111796494982,28.079289436340332,0.9333333333333333,37.29250565581492,46.6242196559906,0.95,61.79111796494982,2.4154140949249268,0.9333333333333333,36.601205427732566,7.874874830245972,0.95,64.09808934416179,0.006703853607177734,1.0,0.0058727264404296875,1.0
149,2.1297950744628906,0.9333333333333333,37.29250565581492,3.034132480621338,0.95,61.79111796494982,27.47446084022522,0.9333333333333333,37.29250565581492,45.13559412956238,0.95,61.79111796494982,2.1288745403289795,0.9333333333333333,36.54550518785618,12.576380014419556,0.95,64.15246626615243,0.006607532501220703,1.0,0.0043468475341796875,1.0
150,2.330270767211914,0.9333333333333333,37.29250565581492,3.0855634212493896,0.95,61.79111796494982,26.568631172180176,0.9333333333333333,37.29250565581492,45.221564531326294,0.95,61.79111796494982,27.202025651931763,0.9333333333333333,37.29250565581492,44.759653091430664,0.95,61.79111796494982,0.0056133270263671875,1.0,0.005753517150878906,1.0
151,2.0009148120880127,0.9333333333333333,37.29250565581492,3.104140281677246,0.95,61.79111796494982,26.4637451171875,0.9333333333333333,37.29250565581492,44.85822105407715,0.95,61.79111796494982,0.6629843711853027,0.9333333333333333,36.68750360825993,2.6694633960723877,0.95,62.709135029466324,0.0044329166412353516,1.0,0.005039215087890625,1.0
152,2.173121929168701,0.9333333333333333,37.29250565581492,3.1920838356018066,0.95,61.79111796494982,27.181835174560547,0.9333333333333333,37.29250565581492,46.32254600524902,0.95,61.79111796494982,0.9562478065490723,0.9333333333333333,36.63561771947582,4.851095199584961,0.95,63.23503108768216,0.010913372039794922,1.0,0.006386280059814453,1.0
153,2.250981569290161,0.9333333333333333,37.29250565581492,3.1860551834106445,0.95,61.79111796494982,27.590450286865234,0.9333333333333333,37.29250565581492,45.6072051525116,0.95,61.79111796494982,1.1120045185089111,0.9333333333333333,36.64226645303222,4.743740081787109,0.95,63.51597566081011,0.004912137985229492,1.0,0.004203319549560547,1.0
154,2.0442864894866943,0.9333333333333333,37.29250565581492,3.116934299468994,0.95,61.79111796494982,26.89902901649475,0.9333333333333333,37.29250565581492,45.292015075683594,0.95,61.79111796494982,1.2663986682891846,0.9333333333333333,36.628884332992584,4.940321445465088,0.95,63.715375015793086,0.005647420883178711,1.0,0.0043489933013916016,1.0
155,2.1302542686462402,0.9333333333333333,37.29250565581492,2.977447271347046,0.95,61.79111796494982,26.808188915252686,0.9333333333333333,37.29250565581492,45.51873755455017,0.95,61.79111796494982,1.3582227230072021,0.9333333333333333,36.55915594587373,2.5128111839294434,0.95,63.85093355787319,0.004952669143676758,1.0,0.004643678665161133,1.0
156,2.0954582691192627,0.9333333333333333,37.29250565581492,3.3397316932678223,0.95,61.79111796494982,27.000255346298218,0.9333333333333333,37.29250565581492,45.5724995136261,0.95,61.79111796494982,1.616159200668335,0.9333333333333333,36.56690053339514,3.2421891689300537,0.95,63.95800190911149,0.004893064498901367,1.0,0.005156517028808594,1.0
157,2.0208427906036377,0.9333333333333333,37.29250565581492,3.0965065956115723,0.95,61.79111796494982,27.420716285705566,0.9333333333333333,37.29250565581492,44.72551131248474,0.95,61.79111796494982,1.745466709136963,0.9333333333333333,36.627697274229604,11.373265743255615,0.95,64.03627852401928,0.00783395767211914,1.0,0.005684375762939453,1.0
158,2.1460978984832764,0.9333333333333333,37.29250565581492,3.293196201324463,0.95,61.79111796494982,28.137571334838867,0.9333333333333333,37.29250565581492,46.29988718032837,0.95,61.79111796494982,2.596827268600464,0.9333333333333333,36.601205427732566,7.657943487167358,0.95,64.09808934416179,0.004276275634765625,1.0,0.005205631256103516,1.0
159,2.1176793575286865,0.9333333333333333,37.29250565581492,3.3790595531463623,0.95,61.79111796494982,27.19638228416443,0.9333333333333333,37.29250565581492,44.77190136909485,0.95,61.79111796494982,2.1353015899658203,0.9333333333333333,36.54550518785618,12.70752739906311,0.95,64.15246626615243,0.005318641662597656,1.0,0.004273414611816406,1.0
160,2.110119581222534,0.9333333333333333,37.29250565581492,3.4477787017822266,0.95,61.79111796494982,27.098347425460815,0.9333333333333333,37.29250565581492,45.59525537490845,0.95,61.79111796494982,27.451231002807617,0.9333333333333333,37.29250565581492,45.32848334312439,0.95,61.79111796494982,0.005323648452758789,1.0,0.005060672760009766,1.0
161,2.0737836360931396,0.9333333333333333,37.29250565581492,3.1939752101898193,0.95,61.79111796494982,27.02002477645874,0.9333333333333333,37.29250565581492,46.136496782302856,0.95,61.79111796494982,0.6511812210083008,0.9333333333333333,36.68750360825993,2.703296661376953,0.95,62.709135029466324,0.004927635192871094,1.0,0.004015684127807617,1.0
162,2.2426106929779053,0.9333333333333333,37.29250565581492,3.3933703899383545,0.95,61.79111796494982,28.0388286113739,0.9333333333333333,37.29250565581492,46.90008211135864,0.95,61.79111796494982,0.9011166095733643,0.9333333333333333,36.63561771947582,4.81080436706543,0.95,63.23503108768216,0.006088733673095703,1.0,0.0053789615631103516,1.0
163,2.152099609375,0.9333333333333333,37.29250565581492,3.191009521484375,0.95,61.79111796494982,27.039082050323486,0.9333333333333333,37.29250565581492,44.954715967178345,0.95,61.79111796494982,1.1973905563354492,0.9333333333333333,36.64226645303222,4.735349893569946,0.95,63.51597566081011,0.006478309631347656,1.0,0.0062754154205322266,1.0
164,2.0733304023742676,0.9333333333333333,37.29250565581492,3.308457136154175,0.95,61.79111796494982,27.104930639266968,0.9333333333333333,37.29250565581492,44.96811389923096,0.95,61.79111796494982,1.238905668258667,0.9333333333333333,36.628884332992584,5.053538799285889,0.95,63.715375015793086,0.005004167556762695,1.0,0.004666328430175781,1.0
165,2.07645320892334,0.9333333333333333,37.29250565581492,3.323202610015869,0.95,61.79111796494982,27.461520195007324,0.9333333333333333,37.29250565581492,46.12388491630554,0.95,61.79111796494982,1.522897481918335,0.9333333333333333,36.55915594587373,2.4860951900482178,0.95,63.85093355787319,0.006657838821411133,1.0,0.00650334358215332,1.0
166,2.0325756072998047,0.9333333333333333,37.29250565581492,3.0310919284820557,0.95,61.79111796494982,27.630483150482178,0.9333333333333333,37.29250565581492,45.8758180141449,0.95,61.79111796494982,1.601093053817749,0.9333333333333333,36.56690053339514,3.3546040058135986,0.95,63.95800190911149,0.007310152053833008,1.0,0.006488323211669922,1.0
167,2.1950297355651855,0.9333333333333333,37.29250565581492,3.2416253089904785,0.95,61.79111796494982,27.58453607559204,0.9333333333333333,37.29250565581492,46.03445649147034,0.95,61.79111796494982,1.796785593032837,0.9333333333333333,36.627697274229604,11.190229654312134,0.95,64.03627852401928,0.008282184600830078,1.0,0.004167079925537109,1.0
168,2.130854845046997,0.9333333333333333,37.29250565581492,3.069810628890991,0.95,61.79111796494982,27.232021808624268,0.9333333333333333,37.29250565581492,46.31761193275452,0.95,61.79111796494982,2.431546688079834,0.9333333333333333,36.601205427732566,7.691376686096191,0.95,64.09808934416179,0.004486799240112305,1.0,0.0041713714599609375,1.0
169,2.074399948120117,0.9333333333333333,37.29250565581492,3.1059160232543945,0.95,61.79111796494982,26.829105854034424,0.9333333333333333,37.29250565581492,44.697571754455566,0.95,61.79111796494982,2.1150665283203125,0.9333333333333333,36.54550518785618,12.581340789794922,0.95,64.15246626615243,0.006070137023925781,1.0,0.004288196563720703,1.0
170,2.1800918579101562,0.9333333333333333,37.29250565581492,3.2582879066467285,0.95,61.79111796494982,28.07294988632202,0.9333333333333333,37.29250565581492,45.82518553733826,0.95,61.79111796494982,27.17207646369934,0.9333333333333333,37.29250565581492,46.16578507423401,0.95,61.79111796494982,0.00534367561340332,1.0,0.004615068435668945,1.0
171,2.154046058654785,0.9333333333333333,37.29250565581492,3.187695026397705,0.95,61.79111796494982,28.33296537399292,0.9333333333333333,37.29250565581492,46.777889013290405,0.95,61.79111796494982,0.6414568424224854,0.9333333333333333,36.68750360825993,2.695965051651001,0.95,62.709135029466324,0.008539199829101562,1.0,0.0037336349487304688,1.0
172,2.0690689086914062,0.9333333333333333,37.29250565581492,3.326357364654541,0.95,61.79111796494982,27.640394926071167,0.9333333333333333,37.29250565581492,44.49882459640503,0.95,61.79111796494982,0.805109977722168,0.9333333333333333,36.63561771947582,4.4454216957092285,0.95,63.23503108768216,0.006054878234863281,1.0,0.006358623504638672,1.0
173,2.363412380218506,0.9333333333333333,37.29250565581492,3.063512086868286,0.95,61.79111796494982,26.85455870628357,0.9333333333333333,37.29250565581492,44.95576620101929,0.95,61.79111796494982,1.1233375072479248,0.9333333333333333,36.64226645303222,4.687885761260986,0.95,63.51597566081011,0.006730079650878906,1.0,0.006382465362548828,1.0
174,2.0245769023895264,0.9333333333333333,37.29250565581492,3.062415838241577,0.95,61.79111796494982,27.891032218933105,0.9333333333333333,37.29250565581492,44.97158479690552,0.95,61.79111796494982,1.3007991313934326,0.9333333333333333,36.628884332992584,5.2188169956207275,0.95,63.715375015793086,0.004201650619506836,1.0,0.004336833953857422,1.0
175,2.2516634464263916,0.9333333333333333,37.29250565581492,3.1804232597351074,0.95,61.79111796494982,27.28815722465515,0.9333333333333333,37.29250565581492,45.647770404815674,0.95,61.79111796494982,1.4361166954040527,0.9333333333333333,36.55915594587373,2.633694887161255,0.95,63.85093355787319,0.008481025695800781,1.0,0.0043163299560546875,1.0
176,2.1737780570983887,0.9333333333333333,37.29250565581492,3.317157506942749,0.95,61.79111796494982,28.500183820724487,0.9333333333333333,37.29250565581492,46.257991552352905,0.95,61.79111796494982,1.5679707527160645,0.9333333333333333,36.56690053339514,3.233170986175537,0.95,63.95800190911149,0.007844209671020508,1.0,0.006150245666503906,1.0
177,2.0027496814727783,0.9333333333333333,37.29250565581492,3.221323013305664,0.95,61.79111796494982,26.957204818725586,0.9333333333333333,37.29250565581492,45.022106885910034,0.95,61.79111796494982,1.7153918743133545,0.9333333333333333,36.627697274229604,10.88581919670105,0.95,64.03627852401928,0.00540924072265625,1.0,0.004975318908691406,1.0
178,2.266162633895874,0.9333333333333333,37.29250565581492,3.4003353118896484,0.95,61.79111796494982,27.29060196876526,0.9333333333333333,37.29250565581492,44.958696603775024,0.95,61.79111796494982,2.5579490661621094,0.9333333333333333,36.601205427732566,7.7070472240448,0.95,64.09808934416179,0.005864381790161133,1.0,0.004700899124145508,1.0
179,2.0387892723083496,0.9333333333333333,37.29250565581492,3.3688857555389404,0.95,61.79111796494982,26.324578762054443,0.9333333333333333,37.29250565581492,47.420279026031494,0.95,61.79111796494982,4.183304309844971,0.9333333333333333,36.54550518785618,13.963289499282837,0.95,64.15246626615243,0.028447628021240234,1.0,0.005930185317993164,1.0
180,2.5269761085510254,0.9333333333333333,37.29250565581492,3.065247058868408,0.95,61.79111796494982,28.038264751434326,0.9333333333333333,37.29250565581492,46.3220739364624,0.95,61.79111796494982,27.993295192718506,0.9333333333333333,37.29250565581492,48.50619316101074,0.95,61.79111796494982,0.5021166801452637,1.0,0.006103038787841797,1.0
181,3.2078497409820557,0.9333333333333333,37.29250565581492,3.178453207015991,0.95,61.79111796494982,27.806958436965942,0.9333333333333333,37.29250565581492,44.26595616340637,0.95,61.79111796494982,0.6549241542816162,0.9333333333333333,36.68750360825993,2.5921876430511475,0.95,62.709135029466324,0.004294395446777344,1.0,0.004419803619384766,1.0
182,2.343946933746338,0.9333333333333333,37.29250565581492,3.0564980506896973,0.95,61.79111796494982,27.230902671813965,0.9333333333333333,37.29250565581492,45.70599341392517,0.95,61.79111796494982,0.9654514789581299,0.9333333333333333,36.63561771947582,5.014048337936401,0.95,63.23503108768216,0.0069599151611328125,1.0,0.006604909896850586,1.0
183,2.136725425720215,0.9333333333333333,37.29250565581492,3.182760238647461,0.95,61.79111796494982,27.17644453048706,0.9333333333333333,37.29250565581492,45.290509939193726,0.95,61.79111796494982,1.0419566631317139,0.9333333333333333,36.64226645303222,4.812959432601929,0.95,63.51597566081011,0.005929470062255859,1.0,0.006476163864135742,1.0
184,2.3785817623138428,0.9333333333333333,37.29250565581492,3.2199995517730713,0.95,61.79111796494982,27.00565457344055,0.9333333333333333,37.29250565581492,46.53274965286255,0.95,61.79111796494982,1.4268710613250732,0.9333333333333333,36.628884332992584,5.282561779022217,0.95,63.715375015793086,0.0066680908203125,1.0,0.006354570388793945,1.0
185,2.1697821617126465,0.9333333333333333,37.29250565581492,3.280334949493408,0.95,61.79111796494982,28.206659078598022,0.9333333333333333,37.29250565581492,46.099186420440674,0.95,61.79111796494982,1.3845980167388916,0.9333333333333333,36.55915594587373,2.4820380210876465,0.95,63.85093355787319,0.007004499435424805,1.0,0.005224466323852539,1.0
186,2.1244616508483887,0.9333333333333333,37.29250565581492,3.175008773803711,0.95,61.79111796494982,27.0639910697937,0.9333333333333333,37.29250565581492,46.09003567695618,0.95,61.79111796494982,1.473872184753418,0.9333333333333333,36.56690053339514,3.234428644180298,0.95,63.95800190911149,0.004674673080444336,1.0,0.004351139068603516,1.0
187,2.2213382720947266,0.9333333333333333,37.29250565581492,3.3423871994018555,0.95,61.79111796494982,26.763025760650635,0.9333333333333333,37.29250565581492,45.17170453071594,0.95,61.79111796494982,1.7276098728179932,0.9333333333333333,36.627697274229604,10.702290534973145,0.95,64.03627852401928,0.004208564758300781,1.0,0.0045664310455322266,1.0
188,2.1584932804107666,0.9333333333333333,37.29250565581492,2.9941165447235107,0.95,61.79111796494982,27.50942611694336,0.9333333333333333,37.29250565581492,45.595056772232056,0.95,61.79111796494982,2.730384349822998,0.9333333333333333,36.601205427732566,7.478946685791016,0.95,64.09808934416179,0.004111289978027344,1.0,0.004014015197753906,1.0
189,2.074540853500366,0.9333333333333333,37.29250565581492,3.0509023666381836,0.95,61.79111796494982,26.79570174217224,0.9333333333333333,37.29250565581492,45.89972114562988,0.95,61.79111796494982,2.199852705001831,0.9333333333333333,36.54550518785618,13.172467231750488,0.95,64.15246626615243,0.005032539367675781,1.0,0.005443096160888672,1.0
190,2.2564713954925537,0.9333333333333333,37.29250565581492,3.2579948902130127,0.95,61.79111796494982,27.95951509475708,0.9333333333333333,37.29250565581492,46.13546061515808,0.95,61.79111796494982,26.592097997665405,0.9333333333333333,37.29250565581492,47.12121605873108,0.95,61.79111796494982,0.008508920669555664,1.0,0.006362199783325195,1.0
191,2.143968343734741,0.9333333333333333,37.29250565581492,3.092531681060791,0.95,61.79111796494982,27.37447237968445,0.9333333333333333,37.29250565581492,45.47904324531555,0.95,61.79111796494982,0.6621294021606445,0.9333333333333333,36.68750360825993,2.560189723968506,0.95,62.709135029466324,0.005539655685424805,1.0,0.009778499603271484,1.0
192,2.085477113723755,0.9333333333333333,37.29250565581492,3.289637327194214,0.95,61.79111796494982,27.291081190109253,0.9333333333333333,37.29250565581492,44.684775590896606,0.95,61.79111796494982,0.8806586265563965,0.9333333333333333,36.63561771947582,4.498970031738281,0.95,63.23503108768216,0.005173206329345703,1.0,0.004622697830200195,1.0
193,1.969489574432373,0.9333333333333333,37.29250565581492,3.0438413619995117,0.95,61.79111796494982,26.89583659172058,0.9333333333333333,37.29250565581492,46.179571866989136,0.95,61.79111796494982,1.1104075908660889,0.9333333333333333,36.64226645303222,4.873692035675049,0.95,63.51597566081011,0.0058650970458984375,1.0,0.004972696304321289,1.0
194,2.2450668811798096,0.9333333333333333,37.29250565581492,3.296820640563965,0.95,61.79111796494982,28.042925119400024,0.9333333333333333,37.29250565581492,46.27065181732178,0.95,61.79111796494982,1.281052589416504,0.9333333333333333,36.628884332992584,5.217580556869507,0.95,63.715375015793086,0.004910707473754883,1.0,0.00454401969909668,1.0
195,2.0162739753723145,0.9333333333333333,37.29250565581492,2.9691832065582275,0.95,61.79111796494982,27.152517557144165,0.9333333333333333,37.29250565581492,44.636327505111694,0.95,61.79111796494982,1.3339054584503174,0.9333333333333333,36.55915594587373,2.504570722579956,0.95,63.85093355787319,0.0066416263580322266,1.0,0.004801750183105469,1.0
196,2.134450674057007,0.9333333333333333,37.29250565581492,3.1700778007507324,0.95,61.79111796494982,27.017773389816284,0.9333333333333333,37.29250565581492,44.831785678863525,0.95,61.79111796494982,1.6026661396026611,0.9333333333333333,36.56690053339514,3.3205771446228027,0.95,63.95800190911149,0.005880832672119141,1.0,0.004555702209472656,1.0
197,2.2920336723327637,0.9333333333333333,37.29250565581492,3.0393147468566895,0.95,61.79111796494982,27.217316150665283,0.9333333333333333,37.29250565581492,44.927103757858276,0.95,61.79111796494982,1.7962942123413086,0.9333333333333333,36.627697274229604,11.08276081085205,0.95,64.03627852401928,0.005013465881347656,1.0,0.004891872406005859,1.0
198,2.122689962387085,0.9333333333333333,37.29250565581492,3.112391948699951,0.95,61.79111796494982,26.94662308692932,0.9333333333333333,37.29250565581492,46.3432035446167,0.95,61.79111796494982,2.428140878677368,0.9333333333333333,36.601205427732566,7.730998277664185,0.95,64.09808934416179,0.00396418571472168,1.0,0.0037384033203125,1.0
199,2.1561360359191895,0.9333333333333333,37.29250565581492,3.165102005004883,0.95,61.79111796494982,27.88965630531311,0.9333333333333333,37.29250565581492,46.36119627952576,0.95,61.79111796494982,2.1251165866851807,0.9333333333333333,36.54550518785618,12.2498779296875,0.95,64.15246626615243,0.006192922592163086,1.0,0.005586147308349609,1.0
200,2.2580392360687256,0.9333333333333333,37.29250565581492,3.0339930057525635,0.95,61.79111796494982,26.59101915359497,0.9333333333333333,37.29250565581492,44.76713562011719,0.95,61.79111796494982,27.45622992515564,0.9333333333333333,37.29250565581492,45.777644634246826,0.95,61.79111796494982,0.006439685821533203,1.0,0.006503582000732422,1.0
201,2.2608931064605713,0.9333333333333333,37.29250565581492,3.515390634536743,0.95,61.79111796494982,27.277167797088623,0.9333333333333333,37.29250565581492,46.16754388809204,0.95,61.79111796494982,0.6333754062652588,0.9333333333333333,36.68750360825993,2.695399522781372,0.95,62.709135029466324,0.006315708160400391,1.0,0.00481867790222168,1.0
202,2.0488927364349365,0.9333333333333333,37.29250565581492,3.0712122917175293,0.95,61.79111796494982,27.652151584625244,0.9333333333333333,37.29250565581492,45.24855279922485,0.95,61.79111796494982,0.9172754287719727,0.9333333333333333,36.63561771947582,4.899510622024536,0.95,63.23503108768216,0.005843639373779297,1.0,0.004998683929443359,1.0
203,2.1930594444274902,0.9333333333333333,37.29250565581492,3.214757204055786,0.95,61.79111796494982,27.93898916244507,0.9333333333333333,37.29250565581492,46.80935859680176,0.95,61.79111796494982,1.136812686920166,0.9333333333333333,36.64226645303222,5.221120595932007,0.95,63.51597566081011,0.004420280456542969,1.0,0.008213520050048828,1.0
204,2.2241766452789307,0.9333333333333333,37.29250565581492,3.3483502864837646,0.95,61.79111796494982,27.64939594268799,0.9333333333333333,37.29250565581492,45.4953408241272,0.95,61.79111796494982,1.2731304168701172,0.9333333333333333,36.628884332992584,5.417251825332642,0.95,63.715375015793086,0.00512242317199707,1.0,0.00513911247253418,1.0
205,2.172135591506958,0.9333333333333333,37.29250565581492,3.1851744651794434,0.95,61.79111796494982,27.711551904678345,0.9333333333333333,37.29250565581492,45.41759467124939,0.95,61.79111796494982,1.3761122226715088,0.9333333333333333,36.55915594587373,2.434225559234619,0.95,63.85093355787319,0.0068242549896240234,1.0,0.004118919372558594,1.0
206,2.1521811485290527,0.9333333333333333,37.29250565581492,3.123652696609497,0.95,61.79111796494982,26.65469717979431,0.9333333333333333,37.29250565581492,44.78299069404602,0.95,61.79111796494982,1.6978795528411865,0.9333333333333333,36.56690053339514,3.1679210662841797,0.95,63.95800190911149,0.005463123321533203,1.0,0.004040956497192383,1.0
207,2.295377731323242,0.9333333333333333,37.29250565581492,3.1718907356262207,0.95,61.79111796494982,27.224229097366333,0.9333333333333333,37.29250565581492,46.064460039138794,0.95,61.79111796494982,1.8092126846313477,0.9333333333333333,36.627697274229604,11.425294160842896,0.95,64.03627852401928,0.004854679107666016,1.0,0.004784822463989258,1.0
208,2.2157106399536133,0.9333333333333333,37.29250565581492,3.1719491481781006,0.95,61.79111796494982,27.376572132110596,0.9333333333333333,37.29250565581492,46.218141317367554,0.95,61.79111796494982,2.5450196266174316,0.9333333333333333,36.601205427732566,7.754334926605225,0.95,64.09808934416179,0.010030031204223633,1.0,0.005499362945556641,1.0
209,2.2281434535980225,0.9333333333333333,37.29250565581492,3.0692224502563477,0.95,61.79111796494982,27.94588565826416,0.9333333333333333,37.29250565581492,45.43860912322998,0.95,61.79111796494982,2.0743298530578613,0.9333333333333333,36.54550518785618,13.16414999961853,0.95,64.15246626615243,0.0044591426849365234,1.0,0.004588127136230469,1.0
210,2.1215484142303467,0.9333333333333333,37.29250565581492,3.145728349685669,0.95,61.79111796494982,26.786508798599243,0.9333333333333333,37.29250565581492,44.616188764572144,0.95,61.79111796494982,27.72396445274353,0.9333333333333333,37.29250565581492,45.17366290092468,0.95,61.79111796494982,0.005435466766357422,1.0,0.004172563552856445,1.0
211,2.1361515522003174,0.9333333333333333,37.29250565581492,3.0661373138427734,0.95,61.79111796494982,27.129512548446655,0.9333333333333333,37.29250565581492,46.292497873306274,0.95,61.79111796494982,0.725621223449707,0.9333333333333333,36.68750360825993,2.625584363937378,0.95,62.709135029466324,0.0038671493530273438,1.0,0.0035037994384765625,1.0
212,2.2702395915985107,0.9333333333333333,37.29250565581492,3.259622097015381,0.95,61.79111796494982,27.89397883415222,0.9333333333333333,37.29250565581492,46.09935140609741,0.95,61.79111796494982,0.9456257820129395,0.9333333333333333,36.63561771947582,4.802702188491821,0.95,63.23503108768216,0.0058362483978271484,1.0,0.006403207778930664,1.0
213,2.126598358154297,0.9333333333333333,37.29250565581492,2.9602890014648438,0.95,61.79111796494982,27.03377866744995,0.9333333333333333,37.29250565581492,45.73808145523071,0.95,61.79111796494982,1.1148126125335693,0.9333333333333333,36.64226645303222,4.750949144363403,0.95,63.51597566081011,0.005457639694213867,1.0,0.004143953323364258,1.0
214,2.0298826694488525,0.9333333333333333,37.29250565581492,3.119262456893921,0.95,61.79111796494982,27.339115858078003,0.9333333333333333,37.29250565581492,46.14995622634888,0.95,61.79111796494982,1.2384467124938965,0.9333333333333333,36.628884332992584,5.239622116088867,0.95,63.715375015793086,0.0038814544677734375,1.0,0.0042438507080078125,1.0
215,2.0564067363739014,0.9333333333333333,37.29250565581492,2.9664552211761475,0.95,61.79111796494982,27.31428575515747,0.9333333333333333,37.29250565581492,44.99353885650635,0.95,61.79111796494982,1.3868002891540527,0.9333333333333333,36.55915594587373,2.5403223037719727,0.95,63.85093355787319,0.0066950321197509766,1.0,0.006483316421508789,1.0
216,2.0298337936401367,0.9333333333333333,37.29250565581492,3.238431215286255,0.95,61.79111796494982,27.71893572807312,0.9333333333333333,37.29250565581492,45.577757358551025,0.95,61.79111796494982,1.6482057571411133,0.9333333333333333,36.56690053339514,3.331256628036499,0.95,63.95800190911149,0.006834506988525391,1.0,0.006395816802978516,1.0
217,2.255018711090088,0.9333333333333333,37.29250565581492,3.166106700897217,0.95,61.79111796494982,27.90383791923523,0.9333333333333333,37.29250565581492,46.497759103775024,0.95,61.79111796494982,1.749654769897461,0.9333333333333333,36.627697274229604,11.260758399963379,0.95,64.03627852401928,0.0066339969635009766,1.0,0.004606962203979492,1.0
218,2.3719327449798584,0.9333333333333333,37.29250565581492,3.2954492568969727,0.95,61.79111796494982,27.253325939178467,0.9333333333333333,37.29250565581492,44.36448383331299,0.95,61.79111796494982,2.466522455215454,0.9333333333333333,36.601205427732566,7.7569239139556885,0.95,64.09808934416179,0.007893085479736328,1.0,0.0035271644592285156,1.0
219,1.9723079204559326,0.9333333333333333,37.29250565581492,3.3112497329711914,0.95,61.79111796494982,27.722231149673462,0.9333333333333333,37.29250565581492,44.47491502761841,0.95,61.79111796494982,2.060828685760498,0.9333333333333333,36.54550518785618,12.781142711639404,0.95,64.15246626615243,0.004256010055541992,1.0,0.0038750171661376953,1.0
220,2.4392762184143066,0.9333333333333333,37.29250565581492,3.2352380752563477,0.95,61.79111796494982,27.565988779067993,0.9333333333333333,37.29250565581492,44.55243420600891,0.95,61.79111796494982,27.80943727493286,0.9333333333333333,37.29250565581492,45.64488363265991,0.95,61.79111796494982,0.006700038909912109,1.0,0.00653529167175293,1.0
221,2.228858709335327,0.9333333333333333,37.29250565581492,3.0846338272094727,0.95,61.79111796494982,27.77021551132202,0.9333333333333333,37.29250565581492,46.474766969680786,0.95,61.79111796494982,0.6292750835418701,0.9333333333333333,36.68750360825993,2.706390857696533,0.95,62.709135029466324,0.004930973052978516,1.0,0.004424333572387695,1.0
222,2.320795774459839,0.9333333333333333,37.29250565581492,3.106097936630249,0.95,61.79111796494982,27.52463173866272,0.9333333333333333,37.29250565581492,46.00767230987549,0.95,61.79111796494982,0.9159607887268066,0.9333333333333333,36.63561771947582,4.672882795333862,0.95,63.23503108768216,0.005529880523681641,1.0,0.004750490188598633,1.0
223,2.0921730995178223,0.9333333333333333,37.29250565581492,3.1061768531799316,0.95,61.79111796494982,27.32900905609131,0.9333333333333333,37.29250565581492,45.158676862716675,0.95,61.79111796494982,1.0606749057769775,0.9333333333333333,36.64226645303222,4.815279960632324,0.95,63.51597566081011,0.006720066070556641,1.0,0.006356000900268555,1.0
224,2.0548059940338135,0.9333333333333333,37.29250565581492,3.003389835357666,0.95,61.79111796494982,26.272178649902344,0.9333333333333333,37.29250565581492,44.005062103271484,0.95,61.79111796494982,1.2563371658325195,0.9333333333333333,36.628884332992584,5.236047983169556,0.95,63.715375015793086,0.005799531936645508,1.0,0.004633665084838867,1.0
225,2.2101526260375977,0.9333333333333333,37.29250565581492,3.2289044857025146,0.95,61.79111796494982,27.39058780670166,0.9333333333333333,37.29250565581492,46.00312566757202,0.95,61.79111796494982,1.4697175025939941,0.9333333333333333,36.55915594587373,2.5597310066223145,0.95,63.85093355787319,0.004044771194458008,1.0,0.004145622253417969,1.0
226,2.2317683696746826,0.9333333333333333,37.29250565581492,3.0989599227905273,0.95,61.79111796494982,28.29550790786743,0.9333333333333333,37.29250565581492,45.957998275756836,0.95,61.79111796494982,1.5526504516601562,0.9333333333333333,36.56690053339514,3.371073007583618,0.95,63.95800190911149,0.004602193832397461,1.0,0.004877567291259766,1.0
227,2.3640451431274414,0.9333333333333333,37.29250565581492,3.2070250511169434,0.95,61.79111796494982,27.15362238883972,0.9333333333333333,37.29250565581492,44.27173471450806,0.95,61.79111796494982,1.7286808490753174,0.9333333333333333,36.627697274229604,11.58699631690979,0.95,64.03627852401928,0.004275083541870117,1.0,0.006447315216064453,1.0
228,2.095571279525757,0.9333333333333333,37.29250565581492,3.060756206512451,0.95,61.79111796494982,27.176799058914185,0.9333333333333333,37.29250565581492,45.17353558540344,0.95,61.79111796494982,2.4753682613372803,0.9333333333333333,36.601205427732566,7.602622032165527,0.95,64.09808934416179,0.006791591644287109,1.0,0.003930568695068359,1.0
229,2.0689826011657715,0.9333333333333333,37.29250565581492,3.2588188648223877,0.95,61.79111796494982,27.184688806533813,0.9333333333333333,37.29250565581492,44.251477003097534,0.95,61.79111796494982,2.1531732082366943,0.9333333333333333,36.54550518785618,12.56313419342041,0.95,64.15246626615243,0.004009723663330078,1.0,0.0037016868591308594,1.0
230,2.224275588989258,0.9333333333333333,37.29250565581492,3.054304599761963,0.95,61.79111796494982,26.36765432357788,0.9333333333333333,37.29250565581492,46.15992999076843,0.95,61.79111796494982,27.69420337677002,0.9333333333333333,37.29250565581492,46.06422305107117,0.95,61.79111796494982,0.004958391189575195,1.0,0.0038759708404541016,1.0
231,2.090593099594116,0.9333333333333333,37.29250565581492,3.147810459136963,0.95,61.79111796494982,27.596800565719604,0.9333333333333333,37.29250565581492,45.23922920227051,0.95,61.79111796494982,0.5963528156280518,0.9333333333333333,36.68750360825993,2.6545724868774414,0.95,62.709135029466324,0.004306316375732422,1.0,0.005041360855102539,1.0
232,2.0728399753570557,0.9333333333333333,37.29250565581492,3.142052173614502,0.95,61.79111796494982,27.43481683731079,0.9333333333333333,37.29250565581492,44.648985624313354,0.95,61.79111796494982,0.8946487903594971,0.9333333333333333,36.63561771947582,4.782726049423218,0.95,63.23503108768216,0.006617546081542969,1.0,0.006348848342895508,1.0
233,2.18019700050354,0.9333333333333333,37.29250565581492,3.1559810638427734,0.95,61.79111796494982,27.36130428314209,0.9333333333333333,37.29250565581492,44.44183325767517,0.95,61.79111796494982,1.1021385192871094,0.9333333333333333,36.64226645303222,5.037377834320068,0.95,63.51597566081011,0.005737781524658203,1.0,0.005166530609130859,1.0
234,2.048879623413086,0.9333333333333333,37.29250565581492,3.1408276557922363,0.95,61.79111796494982,26.400089502334595,0.9333333333333333,37.29250565581492,45.323816537857056,0.95,61.79111796494982,1.368363857269287,0.9333333333333333,36.628884332992584,5.106821775436401,0.95,63.715375015793086,0.005289793014526367,1.0,0.004277944564819336,1.0
235,2.2600691318511963,0.9333333333333333,37.29250565581492,3.289879322052002,0.95,61.79111796494982,28.118149042129517,0.9333333333333333,37.29250565581492,46.77396273612976,0.95,61.79111796494982,1.439234733581543,0.9333333333333333,36.55915594587373,2.523811101913452,0.95,63.85093355787319,0.005275249481201172,1.0,0.0037446022033691406,1.0
236,2.2839887142181396,0.9333333333333333,37.29250565581492,3.2337605953216553,0.95,61.79111796494982,27.686949014663696,0.9333333333333333,37.29250565581492,44.80012822151184,0.95,61.79111796494982,1.6365022659301758,0.9333333333333333,36.56690053339514,3.2818095684051514,0.95,63.95800190911149,0.0046236515045166016,1.0,0.004766702651977539,1.0
237,1.9804613590240479,0.9333333333333333,37.29250565581492,3.0725741386413574,0.95,61.79111796494982,27.44931674003601,0.9333333333333333,37.29250565581492,45.472662687301636,0.95,61.79111796494982,1.7705497741699219,0.9333333333333333,36.627697274229604,10.984523296356201,0.95,64.03627852401928,0.00489044189453125,1.0,0.00379180908203125,1.0
238,2.2484841346740723,0.9333333333333333,37.29250565581492,3.126049041748047,0.95,61.79111796494982,27.19597864151001,0.9333333333333333,37.29250565581492,45.755990505218506,0.95,61.79111796494982,2.492589235305786,0.9333333333333333,36.601205427732566,7.824865102767944,0.95,64.09808934416179,0.00684666633605957,1.0,0.005425453186035156,1.0
239,2.0542855262756348,0.9333333333333333,37.29250565581492,3.114010810852051,0.95,61.79111796494982,27.471832513809204,0.9333333333333333,37.29250565581492,46.518168210983276,0.95,61.79111796494982,2.2216415405273438,0.9333333333333333,36.54550518785618,12.864544868469238,0.95,64.15246626615243,0.0066988468170166016,1.0,0.0040934085845947266,1.0
240,2.1287946701049805,0.9333333333333333,37.29250565581492,3.27704119682312,0.95,61.79111796494982,27.78893208503723,0.9333333333333333,37.29250565581492,45.88768172264099,0.95,61.79111796494982,27.179150581359863,0.9333333333333333,37.29250565581492,44.684154987335205,0.95,61.79111796494982,0.004891633987426758,1.0,0.00432586669921875,1.0
241,2.1671581268310547,0.9333333333333333,37.29250565581492,3.119248867034912,0.95,61.79111796494982,27.037115812301636,0.9333333333333333,37.29250565581492,44.67752146720886,0.95,61.79111796494982,0.6017348766326904,0.9333333333333333,36.68750360825993,2.6270689964294434,0.95,62.709135029466324,0.006615638732910156,1.0,0.006318092346191406,1.0
242,2.1315150260925293,0.9333333333333333,37.29250565581492,3.0620481967926025,0.95,61.79111796494982,27.199313163757324,0.9333333333333333,37.29250565581492,44.08973813056946,0.95,61.79111796494982,0.9608354568481445,0.9333333333333333,36.63561771947582,4.75258207321167,0.95,63.23503108768216,0.006878852844238281,1.0,0.0034873485565185547,1.0
243,2.272874355316162,0.9333333333333333,37.29250565581492,3.134598731994629,0.95,61.79111796494982,26.73052406311035,0.9333333333333333,37.29250565581492,46.3112108707428,0.95,61.79111796494982,1.1772499084472656,0.9333333333333333,36.64226645303222,4.796743154525757,0.95,63.51597566081011,0.006880521774291992,1.0,0.006619930267333984,1.0
244,2.1573498249053955,0.9333333333333333,37.29250565581492,3.2690436840057373,0.95,61.79111796494982,28.15414333343506,0.9333333333333333,37.29250565581492,46.19012808799744,0.95,61.79111796494982,1.2671332359313965,0.9333333333333333,36.628884332992584,5.315951585769653,0.95,63.715375015793086,0.00694727897644043,1.0,0.0064580440521240234,1.0
245,2.1513748168945312,0.9333333333333333,37.29250565581492,3.233330249786377,0.95,61.79111796494982,27.14331078529358,0.9333333333333333,37.29250565581492,44.95234560966492,0.95,61.79111796494982,1.5432538986206055,0.9333333333333333,36.55915594587373,2.4282591342926025,0.95,63.85093355787319,0.004441261291503906,1.0,0.005460500717163086,1.0
246,2.012105941772461,0.9333333333333333,37.29250565581492,3.391932487487793,0.95,61.79111796494982,27.59416627883911,0.9333333333333333,37.29250565581492,45.085986375808716,0.95,61.79111796494982,1.6460678577423096,0.9333333333333333,36.56690053339514,3.531264305114746,0.95,63.95800190911149,0.006201505661010742,1.0,0.004889726638793945,1.0
247,2.1959707736968994,0.9333333333333333,37.29250565581492,3.255800724029541,0.95,61.79111796494982,28.529359340667725,0.9333333333333333,37.29250565581492,47.18379831314087,0.95,61.79111796494982,1.7195723056793213,0.9333333333333333,36.627697274229604,10.898619174957275,0.95,64.03627852401928,0.004232883453369141,1.0,0.004294157028198242,1.0
248,1.9760918617248535,0.9333333333333333,37.29250565581492,2.990074634552002,0.95,61.79111796494982,26.97368884086609,0.9333333333333333,37.29250565581492,46.426000118255615,0.95,61.79111796494982,2.5332019329071045,0.9333333333333333,36.601205427732566,7.974270582199097,0.95,64.09808934416179,0.006646871566772461,1.0,0.0038292407989501953,1.0
249,2.250979423522949,0.9333333333333333,37.29250565581492,3.068598747253418,0.95,61.79111796494982,28.061420679092407,0.9333333333333333,37.29250565581492,47.1825807094574,0.95,61.79111796494982,2.110377550125122,0.9333333333333333,36.54550518785618,12.980091094970703,0.95,64.15246626615243,0.006689786911010742,1.0,0.004400491714477539,1.0
250,2.330078125,0.9333333333333333,37.29250565581492,3.226675033569336,0.95,61.79111796494982,27.399247646331787,0.9333333333333333,37.29250565581492,46.171005725860596,0.95,61.79111796494982,27.95633029937744,0.9333333333333333,37.29250565581492,44.516549825668335,0.95,61.79111796494982,0.004288196563720703,1.0,0.0043485164642333984,1.0
251,2.032351493835449,0.9333333333333333,37.29250565581492,3.217989921569824,0.95,61.79111796494982,27.182698249816895,0.9333333333333333,37.29250565581492,45.404956579208374,0.95,61.79111796494982,0.5948812961578369,0.9333333333333333,36.68750360825993,2.6773078441619873,0.95,62.709135029466324,0.004281520843505859,1.0,0.0040683746337890625,1.0
252,2.068295478820801,0.9333333333333333,37.29250565581492,3.2379071712493896,0.95,61.79111796494982,27.24169397354126,0.9333333333333333,37.29250565581492,46.1560914516449,0.95,61.79111796494982,0.9744453430175781,0.9333333333333333,36.63561771947582,4.636538982391357,0.95,63.23503108768216,0.0051784515380859375,1.0,0.0034291744232177734,1.0
253,2.2375311851501465,0.9333333333333333,37.29250565581492,3.335874319076538,0.95,61.79111796494982,28.093769073486328,0.9333333333333333,37.29250565581492,46.207995653152466,0.95,61.79111796494982,1.1323251724243164,0.9333333333333333,36.64226645303222,4.725528717041016,0.95,63.51597566081011,0.00552821159362793,1.0,0.007142782211303711,1.0
254,2.110358715057373,0.9333333333333333,37.29250565581492,3.0748517513275146,0.95,61.79111796494982,27.717604160308838,0.9333333333333333,37.29250565581492,44.92458415031433,0.95,61.79111796494982,1.397507905960083,0.9333333333333333,36.628884332992584,5.124234199523926,0.95,63.715375015793086,0.005634307861328125,1.0,0.00445246696472168,1.0
255,2.10851788520813,0.9333333333333333,37.29250565581492,3.100273370742798,0.95,61.79111796494982,26.531961917877197,0.9333333333333333,37.29250565581492,45.27097821235657,0.95,61.79111796494982,1.3262460231781006,0.9333333333333333,36.55915594587373,2.463160753250122,0.95,63.85093355787319,0.004124164581298828,1.0,0.004461050033569336,1.0
256,2.0227866172790527,0.9333333333333333,37.29250565581492,3.6462745666503906,0.95,61.79111796494982,27.355462789535522,0.9333333333333333,37.29250565581492,45.140557527542114,0.95,61.79111796494982,1.599449634552002,0.9333333333333333,36.56690053339514,3.3243892192840576,0.95,63.95800190911149,0.006641864776611328,1.0,0.00632786750793457,1.0
257,2.0493226051330566,0.9333333333333333,37.29250565581492,3.048340082168579,0.95,61.79111796494982,27.61627173423767,0.9333333333333333,37.29250565581492,46.53767156600952,0.95,61.79111796494982,1.7759127616882324,0.9333333333333333,36.627697274229604,11.320229291915894,0.95,64.03627852401928,0.0055539608001708984,1.0,0.004635810852050781,1.0
258,2.2462236881256104,0.9333333333333333,37.29250565581492,3.169677734375,0.95,61.79111796494982,27.95544672012329,0.9333333333333333,37.29250565581492,45.41084694862366,0.95,61.79111796494982,2.5086352825164795,0.9333333333333333,36.601205427732566,7.514870643615723,0.95,64.09808934416179,0.005158424377441406,1.0,0.0042018890380859375,1.0
259,2.043707847595215,0.9333333333333333,37.29250565581492,3.0120036602020264,0.95,61.79111796494982,27.550784587860107,0.9333333333333333,37.29250565581492,44.505062103271484,0.95,61.79111796494982,2.0872294902801514,0.9333333333333333,36.54550518785618,15.292608976364136,0.95,64.15246626615243,0.00726008415222168,1.0,0.006735086441040039,1.0
260,2.6926186084747314,0.9333333333333333,37.29250565581492,3.1110379695892334,0.95,61.79111796494982,27.49066972732544,0.9333333333333333,37.29250565581492,46.0740385055542,0.95,61.79111796494982,26.82085108757019,0.9333333333333333,37.29250565581492,44.30247926712036,0.95,61.79111796494982,0.005060434341430664,1.0,0.004568815231323242,1.0
261,2.0956411361694336,0.9333333333333333,37.29250565581492,3.0616188049316406,0.95,61.79111796494982,27.935254096984863,0.9333333333333333,37.29250565581492,46.74675130844116,0.95,61.79111796494982,0.6949219703674316,0.9333333333333333,36.68750360825993,2.808985948562622,0.95,62.709135029466324,0.00706791877746582,1.0,0.006383180618286133,1.0
262,2.107649803161621,0.9333333333333333,37.29250565581492,3.126757860183716,0.95,61.79111796494982,28.101473093032837,0.9333333333333333,37.29250565581492,45.86772632598877,0.95,61.79111796494982,0.8800578117370605,0.9333333333333333,36.63561771947582,4.753390073776245,0.95,63.23503108768216,0.006710052490234375,1.0,0.006415605545043945,1.0
263,2.326517105102539,0.9333333333333333,37.29250565581492,3.085501194000244,0.95,61.79111796494982,26.754410982131958,0.9333333333333333,37.29250565581492,44.2391083240509,0.95,61.79111796494982,1.0209801197052002,0.9333333333333333,36.64226645303222,4.875961542129517,0.95,63.51597566081011,0.0045166015625,1.0,0.004428863525390625,1.0
264,2.292311191558838,0.9333333333333333,37.29250565581492,3.0455474853515625,0.95,61.79111796494982,26.80120873451233,0.9333333333333333,37.29250565581492,44.847293853759766,0.95,61.79111796494982,1.3601748943328857,0.9333333333333333,36.628884332992584,5.124512434005737,0.95,63.715375015793086,0.006082773208618164,1.0,0.01133108139038086,1.0
265,2.2338154315948486,0.9333333333333333,37.29250565581492,3.1062703132629395,0.95,61.79111796494982,26.92448663711548,0.9333333333333333,37.29250565581492,45.07824420928955,0.95,61.79111796494982,1.4902443885803223,0.9333333333333333,36.55915594587373,2.5840718746185303,0.95,63.85093355787319,0.005683183670043945,1.0,0.0046117305755615234,1.0
266,2.196075916290283,0.9333333333333333,37.29250565581492,3.2005977630615234,0.95,61.79111796494982,27.168970823287964,0.9333333333333333,37.29250565581492,46.000887393951416,0.95,61.79111796494982,1.6063814163208008,0.9333333333333333,36.56690053339514,3.5290780067443848,0.95,63.95800190911149,0.005334377288818359,1.0,0.004354238510131836,1.0
267,2.265125036239624,0.9333333333333333,37.29250565581492,3.2136974334716797,0.95,61.79111796494982,27.60324215888977,0.9333333333333333,37.29250565581492,45.704444885253906,0.95,61.79111796494982,1.7945382595062256,0.9333333333333333,36.627697274229604,10.957526206970215,0.95,64.03627852401928,0.00450897216796875,1.0,0.003991603851318359,1.0
268,2.2364988327026367,0.9333333333333333,37.29250565581492,3.049311876296997,0.95,61.79111796494982,27.464038372039795,0.9333333333333333,37.29250565581492,45.36622619628906,0.95,61.79111796494982,2.648921251296997,0.9333333333333333,36.601205427732566,7.729251384735107,0.95,64.09808934416179,0.007054805755615234,1.0,0.003877878189086914,1.0
269,2.204988956451416,0.9333333333333333,37.29250565581492,2.9645891189575195,0.95,61.79111796494982,26.916889429092407,0.9333333333333333,37.29250565581492,44.26072907447815,0.95,61.79111796494982,2.1135809421539307,0.9333333333333333,36.54550518785618,12.606731414794922,0.95,64.15246626615243,0.005371809005737305,1.0,0.003934383392333984,1.0
270,2.1470580101013184,0.9333333333333333,37.29250565581492,3.0783298015594482,0.95,61.79111796494982,27.64436626434326,0.9333333333333333,37.29250565581492,46.18947243690491,0.95,61.79111796494982,28.67773938179016,0.9333333333333333,37.29250565581492,46.09937620162964,0.95,61.79111796494982,0.004393339157104492,1.0,0.005321979522705078,1.0
271,2.199023485183716,0.9333333333333333,37.29250565581492,3.2809555530548096,0.95,61.79111796494982,27.715301275253296,0.9333333333333333,37.29250565581492,45.65366816520691,0.95,61.79111796494982,0.640439510345459,0.9333333333333333,36.68750360825993,2.6638495922088623,0.95,62.709135029466324,0.0057621002197265625,1.0,0.0040814876556396484,1.0
272,2.5343711376190186,0.9333333333333333,37.29250565581492,3.5499355792999268,0.95,61.79111796494982,27.93518376350403,0.9333333333333333,37.29250565581492,44.75007200241089,0.95,61.79111796494982,0.9744133949279785,0.9333333333333333,36.63561771947582,4.803028106689453,0.95,63.23503108768216,0.004613399505615234,1.0,0.004496335983276367,1.0
273,2.2115814685821533,0.9333333333333333,37.29250565581492,3.222060441970825,0.95,61.79111796494982,26.680169820785522,0.9333333333333333,37.29250565581492,44.82200574874878,0.95,61.79111796494982,1.057565450668335,0.9333333333333333,36.64226645303222,4.647430181503296,0.95,63.51597566081011,0.0043582916259765625,1.0,0.004942417144775391,1.0
274,2.041529893875122,0.9333333333333333,37.29250565581492,2.9965760707855225,0.95,61.79111796494982,27.03551721572876,0.9333333333333333,37.29250565581492,45.3365204334259,0.95,61.79111796494982,1.3621933460235596,0.9333333333333333,36.628884332992584,5.083125591278076,0.95,63.715375015793086,0.005889415740966797,1.0,0.006811380386352539,1.0
275,2.2637991905212402,0.9333333333333333,37.29250565581492,3.1927647590637207,0.95,61.79111796494982,27.888278245925903,0.9333333333333333,37.29250565581492,46.385679960250854,0.95,61.79111796494982,1.461333990097046,0.9333333333333333,36.55915594587373,2.5906693935394287,0.95,63.85093355787319,0.006036996841430664,1.0,0.005872488021850586,1.0
276,2.2099850177764893,0.9333333333333333,37.29250565581492,3.2791316509246826,0.95,61.79111796494982,28.232213973999023,0.9333333333333333,37.29250565581492,45.24687051773071,0.95,61.79111796494982,1.4976222515106201,0.9333333333333333,36.56690053339514,3.0755159854888916,0.95,63.95800190911149,0.003870725631713867,1.0,0.003991842269897461,1.0
277,2.2083957195281982,0.9333333333333333,37.29250565581492,3.1598165035247803,0.95,61.79111796494982,26.68558120727539,0.9333333333333333,37.29250565581492,44.183319091796875,0.95,61.79111796494982,1.681818962097168,0.9333333333333333,36.627697274229604,11.033730030059814,0.95,64.03627852401928,0.005518674850463867,1.0,0.0051822662353515625,1.0
278,2.1893765926361084,0.9333333333333333,37.29250565581492,3.0921430587768555,0.95,61.79111796494982,26.918827056884766,0.9333333333333333,37.29250565581492,43.978694438934326,0.95,61.79111796494982,2.416029930114746,0.9333333333333333,36.601205427732566,7.561605453491211,0.95,64.09808934416179,0.0047113895416259766,1.0,0.004239559173583984,1.0
279,2.208608865737915,0.9333333333333333,37.29250565581492,3.007671594619751,0.95,61.79111796494982,27.429808139801025,0.9333333333333333,37.29250565581492,45.45145845413208,0.95,61.79111796494982,2.237027168273926,0.9333333333333333,36.54550518785618,12.938815832138062,0.95,64.15246626615243,0.0042536258697509766,1.0,0.003705263137817383,1.0
280,2.0810670852661133,0.9333333333333333,37.29250565581492,3.3390634059906006,0.95,61.79111796494982,28.042189598083496,0.9333333333333333,37.29250565581492,46.53059506416321,0.95,61.79111796494982,27.234241008758545,0.9333333333333333,37.29250565581492,45.36100912094116,0.95,61.79111796494982,0.010787487030029297,1.0,0.0064868927001953125,1.0
281,1.999647855758667,0.9333333333333333,37.29250565581492,2.959393262863159,0.95,61.79111796494982,26.537084102630615,0.9333333333333333,37.29250565581492,46.1166729927063,0.95,61.79111796494982,0.7952065467834473,0.9333333333333333,36.68750360825993,2.6947340965270996,0.95,62.709135029466324,0.004197597503662109,1.0,0.003882884979248047,1.0
282,2.1976242065429688,0.9333333333333333,37.29250565581492,3.183152675628662,0.95,61.79111796494982,27.656911611557007,0.9333333333333333,37.29250565581492,45.020750522613525,0.95,61.79111796494982,0.8863303661346436,0.9333333333333333,36.63561771947582,4.5542519092559814,0.95,63.23503108768216,0.003753185272216797,1.0,0.003936290740966797,1.0
283,2.0386226177215576,0.9333333333333333,37.29250565581492,3.1685678958892822,0.95,61.79111796494982,26.904958486557007,0.9333333333333333,37.29250565581492,45.51165270805359,0.95,61.79111796494982,1.1217269897460938,0.9333333333333333,36.64226645303222,4.950890302658081,0.95,63.51597566081011,0.004385471343994141,1.0,0.003958225250244141,1.0
