0,44.65901017189026,1.0,54.19784992599671,52.87107872962952,1.0,105.3466721152289,46.61722111701965,1.0,54.19784992599671,54.31800436973572,1.0,105.3466721152289,42.904101848602295,1.0,54.19784992599671,51.38221216201782,1.0,105.3466721152289,0.00502324104309082,1.0,0.005079507827758789,1.0
1,2.0450356006622314,1.0,54.19784992599671,2.0560927391052246,1.0,105.3466721152289,42.81580424308777,1.0,54.19784992599671,52.17590641975403,1.0,105.3466721152289,0.734358549118042,1.0,50.57562456856817,0.9748528003692627,1.0,168.9998037096252,0.00419926643371582,1.0,0.0037641525268554688,1.0
2,2.0209555625915527,1.0,54.19784992599671,2.1691997051239014,1.0,105.3466721152289,44.27578687667847,1.0,54.19784992599671,52.387887954711914,1.0,105.3466721152289,0.8034791946411133,1.0,50.570280928086504,2.155658721923828,1.0,193.6195378157464,0.0042417049407958984,1.0,0.003889322280883789,1.0
3,2.078901767730713,1.0,54.19784992599671,1.9163899421691895,1.0,105.3466721152289,43.59325623512268,1.0,54.19784992599671,51.54234313964844,1.0,105.3466721152289,0.9567294120788574,1.0,50.35435920082068,7.374871253967285,1.0,205.94712134246663,0.006952047348022461,1.0,0.006460905075073242,1.0
4,1.98136305809021,1.0,54.19784992599671,1.9382283687591553,1.0,105.3466721152289,43.266403913497925,1.0,54.19784992599671,51.398780822753906,1.0,105.3466721152289,1.1615386009216309,1.0,50.28819362570266,5.035461902618408,1.0,214.28112385708664,0.006745576858520508,1.0,0.006286144256591797,1.0
5,2.0612146854400635,1.0,54.19784992599671,2.008777379989624,1.0,105.3466721152289,43.69183802604675,1.0,54.19784992599671,51.71295213699341,1.0,105.3466721152289,1.3274712562561035,1.0,50.27383898229664,3.4695358276367188,1.0,218.98189535703568,0.006633758544921875,1.0,0.006381511688232422,1.0
6,2.0201053619384766,1.0,54.19784992599671,1.9714877605438232,1.0,105.3466721152289,44.320733070373535,1.0,54.19784992599671,52.622501611709595,1.0,105.3466721152289,1.4803786277770996,1.0,50.24892203952322,4.690704107284546,1.0,222.60344005187721,0.0041234493255615234,1.0,0.004216194152832031,1.0
7,1.980553388595581,1.0,54.19784992599671,2.0644888877868652,1.0,105.3466721152289,44.46111059188843,1.0,54.19784992599671,52.78957962989807,1.0,105.3466721152289,1.566483736038208,1.0,50.24322782655895,5.133009910583496,1.0,225.6656079148505,0.004038095474243164,1.0,0.0039713382720947266,1.0
8,2.0792155265808105,1.0,54.19784992599671,1.8715925216674805,1.0,105.3466721152289,42.71749424934387,1.0,54.19784992599671,51.5656201839447,1.0,105.3466721152289,3.521322727203369,1.0,50.28501308559771,8.409257173538208,1.0,228.0277841196356,0.006505012512207031,1.0,0.0043065547943115234,1.0
9,2.2077298164367676,1.0,54.19784992599671,1.921985387802124,1.0,105.3466721152289,42.97090530395508,1.0,54.19784992599671,54.424288511276245,1.0,105.3466721152289,1.9964044094085693,1.0,50.361283097075784,5.301839351654053,1.0,229.7395154334415,0.005556821823120117,1.0,0.004578113555908203,1.0
10,2.0754289627075195,1.0,54.19784992599671,1.9762682914733887,1.0,105.3466721152289,51.00807332992554,1.0,54.19784992599671,55.450923442840576,1.0,105.3466721152289,43.31015062332153,1.0,54.19784992599671,68.70401334762573,1.0,105.3466721152289,0.26201415061950684,1.0,0.006095409393310547,1.0
11,2.7662413120269775,1.0,54.19784992599671,1.9560556411743164,1.0,105.3466721152289,51.12670397758484,1.0,54.19784992599671,56.44398260116577,1.0,105.3466721152289,0.6832253932952881,1.0,50.57562456856817,1.1676690578460693,1.0,168.9998037096252,0.004378795623779297,1.0,0.003293275833129883,1.0
12,2.0497522354125977,1.0,54.19784992599671,1.910362720489502,1.0,105.3466721152289,46.999550580978394,1.0,54.19784992599671,58.59768462181091,1.0,105.3466721152289,0.8557345867156982,1.0,50.570280928086504,2.2761428356170654,1.0,193.6195378157464,0.004413604736328125,1.0,0.005592823028564453,1.0
13,2.024327278137207,1.0,54.19784992599671,2.008176326751709,1.0,105.3466721152289,44.275087118148804,1.0,54.19784992599671,56.43409252166748,1.0,105.3466721152289,1.6402099132537842,1.0,50.35435920082068,7.709969758987427,1.0,205.94712134246663,0.00810694694519043,1.0,0.0039598941802978516,1.0
14,2.160634994506836,1.0,54.19784992599671,1.984203577041626,1.0,105.3466721152289,50.40942120552063,1.0,54.19784992599671,54.653624057769775,1.0,105.3466721152289,1.1839690208435059,1.0,50.28819362570266,4.960114002227783,1.0,214.28112385708664,0.005779266357421875,1.0,0.00419163703918457,1.0
15,2.131443500518799,1.0,54.19784992599671,1.9230847358703613,1.0,105.3466721152289,49.044350147247314,1.0,54.19784992599671,64.88279628753662,1.0,105.3466721152289,2.2882184982299805,1.0,50.27383898229664,4.17435097694397,1.0,218.98189535703568,0.006228208541870117,1.0,0.0061376094818115234,1.0
16,2.2124454975128174,1.0,54.19784992599671,2.094052314758301,1.0,105.3466721152289,45.87249279022217,1.0,54.19784992599671,61.60653471946716,1.0,105.3466721152289,1.9993929862976074,1.0,50.24892203952322,4.278459548950195,1.0,222.60344005187721,0.006762504577636719,1.0,0.006466388702392578,1.0
17,2.1598012447357178,1.0,54.19784992599671,1.9673304557800293,1.0,105.3466721152289,45.166003942489624,1.0,54.19784992599671,63.95846772193909,1.0,105.3466721152289,3.031614065170288,1.0,50.24322782655895,6.688505172729492,1.0,225.6656079148505,0.008463382720947266,1.0,0.007904052734375,1.0
18,2.3770384788513184,1.0,54.19784992599671,2.0621120929718018,1.0,105.3466721152289,47.02959752082825,1.0,54.19784992599671,59.927205324172974,1.0,105.3466721152289,1.7185218334197998,1.0,50.28501308559771,8.206295013427734,1.0,228.0277841196356,0.0042684078216552734,1.0,0.004297494888305664,1.0
19,2.0287070274353027,1.0,54.19784992599671,2.1030049324035645,1.0,105.3466721152289,49.26253843307495,1.0,54.19784992599671,74.79047274589539,1.0,105.3466721152289,3.7761316299438477,1.0,50.361283097075784,7.201210260391235,1.0,229.7395154334415,0.007314443588256836,1.0,0.0059049129486083984,1.0
20,3.0714516639709473,1.0,54.19784992599671,2.6745684146881104,1.0,105.3466721152289,51.4867639541626,1.0,54.19784992599671,58.58208346366882,1.0,105.3466721152289,43.403942584991455,1.0,54.19784992599671,54.01415753364563,1.0,105.3466721152289,0.004871368408203125,1.0,0.004874229431152344,1.0
21,2.3087692260742188,1.0,54.19784992599671,1.9364821910858154,1.0,105.3466721152289,43.11238741874695,1.0,54.19784992599671,57.03889179229736,1.0,105.3466721152289,0.7361717224121094,1.0,50.57562456856817,1.2235498428344727,1.0,168.9998037096252,0.004270315170288086,1.0,0.004590511322021484,1.0
22,2.2002484798431396,1.0,54.19784992599671,2.0348854064941406,1.0,105.3466721152289,48.64927053451538,1.0,54.19784992599671,53.53601384162903,1.0,105.3466721152289,0.8577098846435547,1.0,50.570280928086504,2.0320823192596436,1.0,193.6195378157464,0.003886699676513672,1.0,0.004843473434448242,1.0
23,1.8928861618041992,1.0,54.19784992599671,2.100889205932617,1.0,105.3466721152289,45.250526428222656,1.0,54.19784992599671,61.413548707962036,1.0,105.3466721152289,1.8213796615600586,1.0,50.35435920082068,8.881733417510986,1.0,205.94712134246663,0.06855154037475586,1.0,0.0057489871978759766,1.0
24,2.929333209991455,1.0,54.19784992599671,1.9133710861206055,1.0,105.3466721152289,46.29095125198364,1.0,54.19784992599671,55.796581506729126,1.0,105.3466721152289,6.0961034297943115,1.0,50.28819362570266,6.0196919441223145,1.0,214.28112385708664,0.00726771354675293,1.0,0.007285356521606445,1.0
25,2.1298341751098633,1.0,54.19784992599671,2.0804150104522705,1.0,105.3466721152289,45.63513922691345,1.0,54.19784992599671,56.786359548568726,1.0,105.3466721152289,2.5625734329223633,1.0,50.27383898229664,4.750845670700073,1.0,218.98189535703568,0.006861209869384766,1.0,0.0061779022216796875,1.0
26,2.626647472381592,1.0,54.19784992599671,1.9829065799713135,1.0,105.3466721152289,51.13059854507446,1.0,54.19784992599671,52.431495666503906,1.0,105.3466721152289,1.6723146438598633,1.0,50.24892203952322,4.120009899139404,1.0,222.60344005187721,0.004655122756958008,1.0,0.00424647331237793,1.0
27,2.108468532562256,1.0,54.19784992599671,1.9541029930114746,1.0,105.3466721152289,48.73165321350098,1.0,54.19784992599671,72.39723706245422,1.0,105.3466721152289,2.991018533706665,1.0,50.24322782655895,7.394315004348755,1.0,225.6656079148505,0.0064525604248046875,1.0,0.0058248043060302734,1.0
28,2.7922561168670654,1.0,54.19784992599671,1.981414794921875,1.0,105.3466721152289,46.553531885147095,1.0,54.19784992599671,59.355149269104004,1.0,105.3466721152289,3.2567455768585205,1.0,50.28501308559771,9.513105869293213,1.0,228.0277841196356,0.0072252750396728516,1.0,0.006779670715332031,1.0
29,2.843888759613037,1.0,54.19784992599671,2.0876564979553223,1.0,105.3466721152289,44.85269737243652,1.0,54.19784992599671,52.25646162033081,1.0,105.3466721152289,2.944842576980591,1.0,50.361283097075784,6.092509508132935,1.0,229.7395154334415,0.0075223445892333984,1.0,0.005186796188354492,1.0
30,2.928318738937378,1.0,54.19784992599671,2.0829296112060547,1.0,105.3466721152289,45.901891231536865,1.0,54.19784992599671,52.65131378173828,1.0,105.3466721152289,49.37534785270691,1.0,54.19784992599671,52.19173574447632,1.0,105.3466721152289,0.045348405838012695,1.0,0.0070230960845947266,1.0
31,2.029466152191162,1.0,54.19784992599671,2.096714496612549,1.0,105.3466721152289,45.259857416152954,1.0,54.19784992599671,54.2466197013855,1.0,105.3466721152289,1.3729450702667236,1.0,50.57562456856817,1.3496062755584717,1.0,168.9998037096252,0.005834341049194336,1.0,0.005541324615478516,1.0
32,2.1573030948638916,1.0,54.19784992599671,1.9830870628356934,1.0,105.3466721152289,49.769453048706055,1.0,54.19784992599671,58.490575313568115,1.0,105.3466721152289,1.685246229171753,1.0,50.570280928086504,2.5704188346862793,1.0,193.6195378157464,0.0056760311126708984,1.0,0.005814790725708008,1.0
33,2.1093509197235107,1.0,54.19784992599671,1.9151887893676758,1.0,105.3466721152289,43.66846060752869,1.0,54.19784992599671,52.30453848838806,1.0,105.3466721152289,1.5517792701721191,1.0,50.35435920082068,7.781201362609863,1.0,205.94712134246663,0.004773616790771484,1.0,0.004492044448852539,1.0
34,1.931124210357666,1.0,54.19784992599671,1.859529733657837,1.0,105.3466721152289,49.583675146102905,1.0,54.19784992599671,58.11556053161621,1.0,105.3466721152289,1.2341206073760986,1.0,50.28819362570266,5.226189374923706,1.0,214.28112385708664,0.004812479019165039,1.0,0.005613565444946289,1.0
35,1.909008502960205,1.0,54.19784992599671,1.9255714416503906,1.0,105.3466721152289,48.25860619544983,1.0,54.19784992599671,58.54827332496643,1.0,105.3466721152289,1.5110552310943604,1.0,50.27383898229664,3.697791576385498,1.0,218.98189535703568,0.004722118377685547,1.0,0.003889322280883789,1.0
36,2.17622447013855,1.0,54.19784992599671,1.9283790588378906,1.0,105.3466721152289,44.50066328048706,1.0,54.19784992599671,51.82852745056152,1.0,105.3466721152289,1.971219778060913,1.0,50.24892203952322,4.936614751815796,1.0,222.60344005187721,0.0058324337005615234,1.0,0.004569292068481445,1.0
37,2.1467201709747314,1.0,54.19784992599671,2.01322340965271,1.0,105.3466721152289,43.002365827560425,1.0,54.19784992599671,52.207963705062866,1.0,105.3466721152289,1.7612814903259277,1.0,50.24322782655895,5.326886177062988,1.0,225.6656079148505,0.004515886306762695,1.0,0.00541234016418457,1.0
38,2.0964696407318115,1.0,54.19784992599671,2.207216262817383,1.0,105.3466721152289,43.067936182022095,1.0,54.19784992599671,53.83777093887329,1.0,105.3466721152289,1.8144488334655762,1.0,50.28501308559771,7.998195648193359,1.0,228.0277841196356,0.0053539276123046875,1.0,0.004842042922973633,1.0
39,2.1852996349334717,1.0,54.19784992599671,2.071342706680298,1.0,105.3466721152289,44.359917879104614,1.0,54.19784992599671,52.91594696044922,1.0,105.3466721152289,2.3379924297332764,1.0,50.361283097075784,5.403559684753418,1.0,229.7395154334415,0.0058825016021728516,1.0,0.011379480361938477,1.0
40,1.9389941692352295,1.0,54.19784992599671,1.9100453853607178,1.0,105.3466721152289,46.350993633270264,1.0,54.19784992599671,52.95874619483948,1.0,105.3466721152289,51.08808374404907,1.0,54.19784992599671,53.899352073669434,1.0,105.3466721152289,0.34479761123657227,1.0,0.006410360336303711,1.0
41,2.7614927291870117,1.0,54.19784992599671,1.9897947311401367,1.0,105.3466721152289,44.703853607177734,1.0,54.19784992599671,56.99595308303833,1.0,105.3466721152289,1.1787569522857666,1.0,50.57562456856817,1.230212688446045,1.0,168.9998037096252,0.004297494888305664,1.0,0.004761219024658203,1.0
42,2.060966968536377,1.0,54.19784992599671,2.1346993446350098,1.0,105.3466721152289,44.3238627910614,1.0,54.19784992599671,62.104002952575684,1.0,105.3466721152289,0.8811321258544922,1.0,50.570280928086504,2.1010799407958984,1.0,193.6195378157464,0.1273822784423828,1.0,0.0043964385986328125,1.0
43,2.5704762935638428,1.0,54.19784992599671,1.8912708759307861,1.0,105.3466721152289,45.16320776939392,1.0,54.19784992599671,55.59154200553894,1.0,105.3466721152289,1.2729861736297607,1.0,50.35435920082068,7.702521324157715,1.0,205.94712134246663,0.006134748458862305,1.0,0.005468130111694336,1.0
44,2.4638140201568604,1.0,54.19784992599671,1.934894323348999,1.0,105.3466721152289,45.818625688552856,1.0,54.19784992599671,53.52867603302002,1.0,105.3466721152289,2.567222833633423,1.0,50.28819362570266,8.233989715576172,1.0,214.28112385708664,0.009126901626586914,1.0,0.008545637130737305,1.0
45,2.7780654430389404,1.0,54.19784992599671,2.163564443588257,1.0,105.3466721152289,57.22090458869934,1.0,54.19784992599671,56.663113594055176,1.0,105.3466721152289,1.8320367336273193,1.0,50.27383898229664,3.993251323699951,1.0,218.98189535703568,0.0072557926177978516,1.0,0.006270408630371094,1.0
46,1.8852949142456055,1.0,54.19784992599671,1.8852465152740479,1.0,105.3466721152289,43.90647768974304,1.0,54.19784992599671,53.971511125564575,1.0,105.3466721152289,4.480289936065674,1.0,50.24892203952322,6.652563571929932,1.0,222.60344005187721,0.007741451263427734,1.0,0.00609135627746582,1.0
47,2.747131586074829,1.0,54.19784992599671,2.286862850189209,1.0,105.3466721152289,44.485400915145874,1.0,54.19784992599671,54.476760387420654,1.0,105.3466721152289,1.688072919845581,1.0,50.24322782655895,5.550542116165161,1.0,225.6656079148505,0.006248950958251953,1.0,0.0055561065673828125,1.0
48,2.931086301803589,1.0,54.19784992599671,2.01973819732666,1.0,105.3466721152289,47.43517708778381,1.0,54.19784992599671,55.41132569313049,1.0,105.3466721152289,2.1527318954467773,1.0,50.28501308559771,8.112051010131836,1.0,228.0277841196356,0.008803844451904297,1.0,0.004891395568847656,1.0
49,2.19708251953125,1.0,54.19784992599671,2.2765703201293945,1.0,105.3466721152289,45.30332374572754,1.0,54.19784992599671,56.44392919540405,1.0,105.3466721152289,5.263043165206909,1.0,50.361283097075784,8.007033586502075,1.0,229.7395154334415,0.007069110870361328,1.0,0.005633831024169922,1.0
50,2.392524480819702,1.0,54.19784992599671,1.9996986389160156,1.0,105.3466721152289,45.22861099243164,1.0,54.19784992599671,55.42181968688965,1.0,105.3466721152289,42.904611349105835,1.0,54.19784992599671,54.864001989364624,1.0,105.3466721152289,0.006914377212524414,1.0,0.006398677825927734,1.0
51,2.168508291244507,1.0,54.19784992599671,1.9998834133148193,1.0,105.3466721152289,49.929139614105225,1.0,54.19784992599671,65.70092439651489,1.0,105.3466721152289,0.7702085971832275,1.0,50.57562456856817,1.9519436359405518,1.0,168.9998037096252,0.19917035102844238,1.0,0.0057108402252197266,1.0
52,2.7043285369873047,1.0,54.19784992599671,1.8967397212982178,1.0,105.3466721152289,45.92953395843506,1.0,54.19784992599671,54.88800406455994,1.0,105.3466721152289,1.1292495727539062,1.0,50.570280928086504,2.2055397033691406,1.0,193.6195378157464,0.010014772415161133,1.0,0.0049169063568115234,1.0
53,2.1863107681274414,1.0,54.19784992599671,1.9840099811553955,1.0,105.3466721152289,43.9634644985199,1.0,54.19784992599671,53.11187124252319,1.0,105.3466721152289,0.9526576995849609,1.0,50.35435920082068,7.103050231933594,1.0,205.94712134246663,0.006632328033447266,1.0,0.0043447017669677734,1.0
54,2.0155768394470215,1.0,54.19784992599671,1.8432612419128418,1.0,105.3466721152289,43.147037982940674,1.0,54.19784992599671,53.93371605873108,1.0,105.3466721152289,1.277090072631836,1.0,50.28819362570266,5.169718027114868,1.0,214.28112385708664,0.006590843200683594,1.0,0.003488779067993164,1.0
55,2.04677677154541,1.0,54.19784992599671,2.191917657852173,1.0,105.3466721152289,43.6596200466156,1.0,54.19784992599671,58.35623502731323,1.0,105.3466721152289,1.4034090042114258,1.0,50.27383898229664,3.8053438663482666,1.0,218.98189535703568,0.003840923309326172,1.0,0.0036361217498779297,1.0
56,2.1839237213134766,1.0,54.19784992599671,2.0890250205993652,1.0,105.3466721152289,44.30474519729614,1.0,54.19784992599671,52.186384201049805,1.0,105.3466721152289,1.601349115371704,1.0,50.24892203952322,4.778071641921997,1.0,222.60344005187721,0.016586780548095703,1.0,0.0068624019622802734,1.0
57,2.3537404537200928,1.0,54.19784992599671,2.033799648284912,1.0,105.3466721152289,43.58727049827576,1.0,54.19784992599671,51.079484939575195,1.0,105.3466721152289,2.1372504234313965,1.0,50.24322782655895,6.920420169830322,1.0,225.6656079148505,0.0061953067779541016,1.0,0.023261070251464844,1.0
58,2.765662670135498,1.0,54.19784992599671,2.0833730697631836,1.0,105.3466721152289,44.8486111164093,1.0,54.19784992599671,61.40941905975342,1.0,105.3466721152289,2.816373109817505,1.0,50.28501308559771,8.251293897628784,1.0,228.0277841196356,0.252810001373291,1.0,0.014213323593139648,1.0
59,3.1673593521118164,1.0,54.19784992599671,2.4727838039398193,1.0,105.3466721152289,43.61032295227051,1.0,54.19784992599671,60.71235370635986,1.0,105.3466721152289,4.9612250328063965,1.0,50.361283097075784,6.943835258483887,1.0,229.7395154334415,0.31289196014404297,1.0,0.007256269454956055,1.0
60,2.593839168548584,1.0,54.19784992599671,2.0011730194091797,1.0,105.3466721152289,55.5979323387146,1.0,54.19784992599671,72.76918578147888,1.0,105.3466721152289,50.21047592163086,1.0,54.19784992599671,57.867194175720215,1.0,105.3466721152289,0.2448427677154541,1.0,0.005659580230712891,1.0
61,2.784133195877075,1.0,54.19784992599671,2.052537441253662,1.0,105.3466721152289,48.73117518424988,1.0,54.19784992599671,52.88591957092285,1.0,105.3466721152289,1.2724738121032715,1.0,50.57562456856817,1.583390712738037,1.0,168.9998037096252,0.00582432746887207,1.0,0.004445314407348633,1.0
62,1.9673075675964355,1.0,54.19784992599671,2.1562163829803467,1.0,105.3466721152289,47.683228731155396,1.0,54.19784992599671,58.47795486450195,1.0,105.3466721152289,1.053706169128418,1.0,50.570280928086504,2.5554378032684326,1.0,193.6195378157464,0.007241249084472656,1.0,0.006453514099121094,1.0
63,2.0578808784484863,1.0,54.19784992599671,1.972818374633789,1.0,105.3466721152289,44.72341251373291,1.0,54.19784992599671,62.43423533439636,1.0,105.3466721152289,1.2299396991729736,1.0,50.35435920082068,7.469499111175537,1.0,205.94712134246663,0.006859540939331055,1.0,0.006388664245605469,1.0
64,2.088111639022827,1.0,54.19784992599671,1.9076564311981201,1.0,105.3466721152289,48.34025502204895,1.0,54.19784992599671,53.774819135665894,1.0,105.3466721152289,1.2449018955230713,1.0,50.28819362570266,4.937783241271973,1.0,214.28112385708664,0.004149198532104492,1.0,0.004798412322998047,1.0
65,2.0613250732421875,1.0,54.19784992599671,1.9994311332702637,1.0,105.3466721152289,46.56353950500488,1.0,54.19784992599671,51.10146903991699,1.0,105.3466721152289,8.48190450668335,1.0,50.27383898229664,4.4471094608306885,1.0,218.98189535703568,0.007493019104003906,1.0,0.006135463714599609,1.0
66,2.888990879058838,1.0,54.19784992599671,2.2390992641448975,1.0,105.3466721152289,47.97381401062012,1.0,54.19784992599671,61.6644229888916,1.0,105.3466721152289,2.0758893489837646,1.0,50.24892203952322,4.754955291748047,1.0,222.60344005187721,0.0042743682861328125,1.0,0.003954887390136719,1.0
67,2.043679714202881,1.0,54.19784992599671,1.9339923858642578,1.0,105.3466721152289,43.72882342338562,1.0,54.19784992599671,59.36704969406128,1.0,105.3466721152289,2.20806622505188,1.0,50.24322782655895,6.678184986114502,1.0,225.6656079148505,0.0058057308197021484,1.0,0.006169557571411133,1.0
68,2.381037950515747,1.0,54.19784992599671,2.0282399654388428,1.0,105.3466721152289,44.17867827415466,1.0,54.19784992599671,69.83820533752441,1.0,105.3466721152289,2.6161913871765137,1.0,50.28501308559771,8.26725149154663,1.0,228.0277841196356,0.0045621395111083984,1.0,0.0036983489990234375,1.0
69,2.2826988697052,1.0,54.19784992599671,2.1288535594940186,1.0,105.3466721152289,50.032700538635254,1.0,54.19784992599671,53.41929841041565,1.0,105.3466721152289,2.7957265377044678,1.0,50.361283097075784,6.9353883266448975,1.0,229.7395154334415,0.007345438003540039,1.0,0.00703740119934082,1.0
70,2.711782217025757,1.0,54.19784992599671,1.991637945175171,1.0,105.3466721152289,43.928868532180786,1.0,54.19784992599671,52.493619203567505,1.0,105.3466721152289,50.12192463874817,1.0,54.19784992599671,60.15195155143738,1.0,105.3466721152289,0.007983922958374023,1.0,0.008469104766845703,1.0
71,2.6126396656036377,1.0,54.19784992599671,2.095781087875366,1.0,105.3466721152289,44.71169996261597,1.0,54.19784992599671,54.42753601074219,1.0,105.3466721152289,0.8266377449035645,1.0,50.57562456856817,1.3678476810455322,1.0,168.9998037096252,0.00703120231628418,1.0,0.006188869476318359,1.0
72,2.415897846221924,1.0,54.19784992599671,2.166729211807251,1.0,105.3466721152289,43.59920835494995,1.0,54.19784992599671,53.68736147880554,1.0,105.3466721152289,0.9558544158935547,1.0,50.570280928086504,2.1662991046905518,1.0,193.6195378157464,0.005113840103149414,1.0,0.00406646728515625,1.0
73,1.9632678031921387,1.0,54.19784992599671,2.0708534717559814,1.0,105.3466721152289,44.896472215652466,1.0,54.19784992599671,55.246978998184204,1.0,105.3466721152289,1.0930874347686768,1.0,50.35435920082068,7.952867746353149,1.0,205.94712134246663,0.004553556442260742,1.0,0.004038095474243164,1.0
74,2.4353771209716797,1.0,54.19784992599671,2.0187549591064453,1.0,105.3466721152289,52.141756772994995,1.0,54.19784992599671,57.28341603279114,1.0,105.3466721152289,1.6484925746917725,1.0,50.28819362570266,5.671251535415649,1.0,214.28112385708664,0.003909587860107422,1.0,0.0034027099609375,1.0
75,2.133498430252075,1.0,54.19784992599671,2.0467679500579834,1.0,105.3466721152289,47.68228721618652,1.0,54.19784992599671,60.237112283706665,1.0,105.3466721152289,2.1835696697235107,1.0,50.27383898229664,4.8354010581970215,1.0,218.98189535703568,0.01023244857788086,1.0,0.00529170036315918,1.0
76,2.404099464416504,1.0,54.19784992599671,1.987421989440918,1.0,105.3466721152289,44.33392882347107,1.0,54.19784992599671,57.94463396072388,1.0,105.3466721152289,1.6934230327606201,1.0,50.24892203952322,4.656660079956055,1.0,222.60344005187721,0.003757953643798828,1.0,0.003311634063720703,1.0
77,2.2735402584075928,1.0,54.19784992599671,2.100280284881592,1.0,105.3466721152289,48.30796027183533,1.0,54.19784992599671,53.768919706344604,1.0,105.3466721152289,2.170971155166626,1.0,50.24322782655895,6.109627723693848,1.0,225.6656079148505,0.006720542907714844,1.0,0.0063631534576416016,1.0
78,2.197221040725708,1.0,54.19784992599671,1.9775495529174805,1.0,105.3466721152289,44.344420433044434,1.0,54.19784992599671,53.27558970451355,1.0,105.3466721152289,2.108229637145996,1.0,50.28501308559771,7.822619199752808,1.0,228.0277841196356,0.006926774978637695,1.0,0.0066149234771728516,1.0
79,2.2645740509033203,1.0,54.19784992599671,1.9652183055877686,1.0,105.3466721152289,42.943060874938965,1.0,54.19784992599671,50.866841554641724,1.0,105.3466721152289,1.8030304908752441,1.0,50.361283097075784,5.077154636383057,1.0,229.7395154334415,0.005187511444091797,1.0,0.005494594573974609,1.0
80,2.111417770385742,1.0,54.19784992599671,2.0017786026000977,1.0,105.3466721152289,42.85732841491699,1.0,54.19784992599671,51.46852397918701,1.0,105.3466721152289,42.846396923065186,1.0,54.19784992599671,52.19070816040039,1.0,105.3466721152289,0.00504302978515625,1.0,0.004052400588989258,1.0
81,2.063366413116455,1.0,54.19784992599671,2.050814390182495,1.0,105.3466721152289,44.763155937194824,1.0,54.19784992599671,53.64865183830261,1.0,105.3466721152289,0.7217650413513184,1.0,50.57562456856817,0.8613836765289307,1.0,168.9998037096252,0.00536656379699707,1.0,0.004370927810668945,1.0
82,2.075798273086548,1.0,54.19784992599671,1.9886467456817627,1.0,105.3466721152289,42.5497567653656,1.0,54.19784992599671,50.647483110427856,1.0,105.3466721152289,0.8117148876190186,1.0,50.570280928086504,2.113271474838257,1.0,193.6195378157464,0.006628274917602539,1.0,0.0063092708587646484,1.0
83,2.0142924785614014,1.0,54.19784992599671,1.9793968200683594,1.0,105.3466721152289,44.39944052696228,1.0,54.19784992599671,56.897252798080444,1.0,105.3466721152289,2.466935396194458,1.0,50.35435920082068,9.363783121109009,1.0,205.94712134246663,0.1351146697998047,1.0,0.006674051284790039,1.0
84,4.949163436889648,1.0,54.19784992599671,3.0984721183776855,1.0,105.3466721152289,52.761066198349,1.0,54.19784992599671,60.299760818481445,1.0,105.3466721152289,2.2319085597991943,1.0,50.28819362570266,5.784153699874878,1.0,214.28112385708664,0.15431737899780273,1.0,0.004498004913330078,1.0
85,2.735097885131836,1.0,54.19784992599671,2.1310720443725586,1.0,105.3466721152289,54.98103618621826,1.0,54.19784992599671,62.85968899726868,1.0,105.3466721152289,2.135049819946289,1.0,50.27383898229664,4.53776478767395,1.0,218.98189535703568,0.21625447273254395,1.0,0.00730133056640625,1.0
86,2.9182639122009277,1.0,54.19784992599671,1.8696234226226807,1.0,105.3466721152289,46.706671714782715,1.0,54.19784992599671,53.62491798400879,1.0,105.3466721152289,1.5175929069519043,1.0,50.24892203952322,4.90364146232605,1.0,222.60344005187721,0.004256010055541992,1.0,0.003876924514770508,1.0
87,2.0813043117523193,1.0,54.19784992599671,1.8801136016845703,1.0,105.3466721152289,44.40802049636841,1.0,54.19784992599671,53.51539921760559,1.0,105.3466721152289,2.264082670211792,1.0,50.24322782655895,6.327462673187256,1.0,225.6656079148505,0.008256673812866211,1.0,0.0037262439727783203,1.0
88,2.1623799800872803,1.0,54.19784992599671,2.1069743633270264,1.0,105.3466721152289,45.21029043197632,1.0,54.19784992599671,54.53968596458435,1.0,105.3466721152289,1.8205773830413818,1.0,50.28501308559771,7.535739183425903,1.0,228.0277841196356,0.008266448974609375,1.0,0.004328250885009766,1.0
89,2.093417167663574,1.0,54.19784992599671,2.131861925125122,1.0,105.3466721152289,43.73906850814819,1.0,54.19784992599671,53.15321636199951,1.0,105.3466721152289,2.1369869709014893,1.0,50.361283097075784,5.644665002822876,1.0,229.7395154334415,0.00849604606628418,1.0,0.005810260772705078,1.0
90,2.2966556549072266,1.0,54.19784992599671,1.8593988418579102,1.0,105.3466721152289,42.72340369224548,1.0,54.19784992599671,54.59334397315979,1.0,105.3466721152289,47.65313410758972,1.0,54.19784992599671,52.147804975509644,1.0,105.3466721152289,0.02704763412475586,1.0,0.007217884063720703,1.0
91,1.9443938732147217,1.0,54.19784992599671,2.1538631916046143,1.0,105.3466721152289,50.3683295249939,1.0,54.19784992599671,53.77116799354553,1.0,105.3466721152289,0.6762611865997314,1.0,50.57562456856817,1.1972715854644775,1.0,168.9998037096252,0.015607833862304688,1.0,0.0033681392669677734,1.0
92,2.0994439125061035,1.0,54.19784992599671,1.931609869003296,1.0,105.3466721152289,52.424196004867554,1.0,54.19784992599671,54.129515171051025,1.0,105.3466721152289,1.5919702053070068,1.0,50.570280928086504,2.6240334510803223,1.0,193.6195378157464,0.006749391555786133,1.0,0.006336212158203125,1.0
93,2.3088419437408447,1.0,54.19784992599671,1.8935105800628662,1.0,105.3466721152289,55.295509576797485,1.0,54.19784992599671,56.95985460281372,1.0,105.3466721152289,1.1349329948425293,1.0,50.35435920082068,7.735919713973999,1.0,205.94712134246663,0.00714111328125,1.0,0.004886150360107422,1.0
94,2.237645149230957,1.0,54.19784992599671,1.8705050945281982,1.0,105.3466721152289,43.535497188568115,1.0,54.19784992599671,54.268412828445435,1.0,105.3466721152289,1.136443853378296,1.0,50.28819362570266,5.124280691146851,1.0,214.28112385708664,0.004892826080322266,1.0,0.004595279693603516,1.0
95,2.1168456077575684,1.0,54.19784992599671,2.02701473236084,1.0,105.3466721152289,46.43105101585388,1.0,54.19784992599671,51.667551040649414,1.0,105.3466721152289,1.2691490650177002,1.0,50.27383898229664,3.4362268447875977,1.0,218.98189535703568,0.006590843200683594,1.0,0.006293296813964844,1.0
96,1.9825022220611572,1.0,54.19784992599671,2.040574550628662,1.0,105.3466721152289,46.860623359680176,1.0,54.19784992599671,56.19742488861084,1.0,105.3466721152289,1.9415466785430908,1.0,50.24892203952322,5.095988035202026,1.0,222.60344005187721,0.023277759552001953,1.0,0.005110025405883789,1.0
97,2.288149833679199,1.0,54.19784992599671,2.167900323867798,1.0,105.3466721152289,45.02644658088684,1.0,54.19784992599671,55.47618865966797,1.0,105.3466721152289,2.1001923084259033,1.0,50.24322782655895,6.138258695602417,1.0,225.6656079148505,0.006395578384399414,1.0,0.0060045719146728516,1.0
98,2.2146830558776855,1.0,54.19784992599671,2.0748353004455566,1.0,105.3466721152289,44.66849231719971,1.0,54.19784992599671,54.96748375892639,1.0,105.3466721152289,1.886648416519165,1.0,50.28501308559771,7.7296271324157715,1.0,228.0277841196356,0.00484466552734375,1.0,0.0040166378021240234,1.0
99,2.04416823387146,1.0,54.19784992599671,2.1389083862304688,1.0,105.3466721152289,54.141725063323975,1.0,54.19784992599671,53.32324242591858,1.0,105.3466721152289,2.6897950172424316,1.0,50.361283097075784,6.4031500816345215,1.0,229.7395154334415,0.2166740894317627,1.0,0.005614280700683594,1.0
100,2.6667258739471436,1.0,54.19784992599671,2.0164010524749756,1.0,105.3466721152289,45.297205209732056,1.0,54.19784992599671,50.90169668197632,1.0,105.3466721152289,52.70733451843262,1.0,54.19784992599671,59.582324266433716,1.0,105.3466721152289,0.4204862117767334,1.0,0.006814718246459961,1.0
101,2.7584805488586426,1.0,54.19784992599671,1.9550244808197021,1.0,105.3466721152289,51.451791524887085,1.0,54.19784992599671,56.52930188179016,1.0,105.3466721152289,0.6850862503051758,1.0,50.57562456856817,0.9301362037658691,1.0,168.9998037096252,0.019037723541259766,1.0,0.004121065139770508,1.0
102,2.1352200508117676,1.0,54.19784992599671,2.128105640411377,1.0,105.3466721152289,45.100279331207275,1.0,54.19784992599671,54.867640256881714,1.0,105.3466721152289,1.1393272876739502,1.0,50.570280928086504,2.492788553237915,1.0,193.6195378157464,0.004769802093505859,1.0,0.00434565544128418,1.0
103,2.004474401473999,1.0,54.19784992599671,1.9341304302215576,1.0,105.3466721152289,44.90841031074524,1.0,54.19784992599671,53.09850025177002,1.0,105.3466721152289,1.2669856548309326,1.0,50.35435920082068,7.322584629058838,1.0,205.94712134246663,0.0062296390533447266,1.0,0.005047798156738281,1.0
104,2.100277900695801,1.0,54.19784992599671,2.101637840270996,1.0,105.3466721152289,45.80253791809082,1.0,54.19784992599671,54.32264184951782,1.0,105.3466721152289,1.3329715728759766,1.0,50.28819362570266,5.121545076370239,1.0,214.28112385708664,0.006651401519775391,1.0,0.0064585208892822266,1.0
105,2.120635747909546,1.0,54.19784992599671,2.063124895095825,1.0,105.3466721152289,45.905921936035156,1.0,54.19784992599671,54.22857451438904,1.0,105.3466721152289,2.2314844131469727,1.0,50.27383898229664,4.0401506423950195,1.0,218.98189535703568,0.00730443000793457,1.0,0.006700992584228516,1.0
106,2.34254789352417,1.0,54.19784992599671,2.3666937351226807,1.0,105.3466721152289,45.806018114089966,1.0,54.19784992599671,55.46944546699524,1.0,105.3466721152289,1.839155912399292,1.0,50.24892203952322,4.452248811721802,1.0,222.60344005187721,0.3614215850830078,1.0,0.006645679473876953,1.0
107,2.7204651832580566,1.0,54.19784992599671,2.0329952239990234,1.0,105.3466721152289,45.03310251235962,1.0,54.19784992599671,62.456828117370605,1.0,105.3466721152289,1.5366601943969727,1.0,50.24322782655895,5.442166090011597,1.0,225.6656079148505,0.0037817955017089844,1.0,0.0036630630493164062,1.0
108,2.0824668407440186,1.0,54.19784992599671,1.9248559474945068,1.0,105.3466721152289,45.83788752555847,1.0,54.19784992599671,52.744478702545166,1.0,105.3466721152289,3.350121259689331,1.0,50.28501308559771,8.797020673751831,1.0,228.0277841196356,0.00614166259765625,1.0,0.007077932357788086,1.0
109,2.754924774169922,1.0,54.19784992599671,1.8668582439422607,1.0,105.3466721152289,44.231733322143555,1.0,54.19784992599671,64.80333924293518,1.0,105.3466721152289,6.051475763320923,1.0,50.361283097075784,5.863231658935547,1.0,229.7395154334415,5.5584776401519775,1.0,0.006002902984619141,1.0
110,2.8777806758880615,1.0,54.19784992599671,1.8497779369354248,1.0,105.3466721152289,53.646098375320435,1.0,54.19784992599671,58.246230602264404,1.0,105.3466721152289,46.91944932937622,1.0,54.19784992599671,57.72679424285889,1.0,105.3466721152289,0.006363868713378906,1.0,0.0040683746337890625,1.0
111,2.107412815093994,1.0,54.19784992599671,2.0632495880126953,1.0,105.3466721152289,49.84566116333008,1.0,54.19784992599671,55.48079967498779,1.0,105.3466721152289,0.7348377704620361,1.0,50.57562456856817,0.9467024803161621,1.0,168.9998037096252,0.004323005676269531,1.0,0.005436420440673828,1.0
112,1.93308687210083,1.0,54.19784992599671,2.0017106533050537,1.0,105.3466721152289,46.48011326789856,1.0,54.19784992599671,54.09958100318909,1.0,105.3466721152289,0.9895191192626953,1.0,50.570280928086504,2.452069044113159,1.0,193.6195378157464,0.00436711311340332,1.0,0.004427671432495117,1.0
113,1.993159294128418,1.0,54.19784992599671,1.9287586212158203,1.0,105.3466721152289,45.18841052055359,1.0,54.19784992599671,65.51245760917664,1.0,105.3466721152289,1.2112562656402588,1.0,50.35435920082068,7.430617570877075,1.0,205.94712134246663,0.16329717636108398,1.0,0.007756233215332031,1.0
114,2.8670880794525146,1.0,54.19784992599671,2.0120909214019775,1.0,105.3466721152289,46.54234051704407,1.0,54.19784992599671,58.83106708526611,1.0,105.3466721152289,2.560739517211914,1.0,50.28819362570266,5.809350490570068,1.0,214.28112385708664,0.005451202392578125,1.0,0.004960775375366211,1.0
115,2.1834542751312256,1.0,54.19784992599671,1.8681304454803467,1.0,105.3466721152289,45.38633346557617,1.0,54.19784992599671,56.36855912208557,1.0,105.3466721152289,1.9340183734893799,1.0,50.27383898229664,4.027001142501831,1.0,218.98189535703568,0.006199836730957031,1.0,0.005898952484130859,1.0
116,2.0232207775115967,1.0,54.19784992599671,2.027142286300659,1.0,105.3466721152289,45.159953594207764,1.0,54.19784992599671,55.35763239860535,1.0,105.3466721152289,1.5694451332092285,1.0,50.24892203952322,4.672879695892334,1.0,222.60344005187721,0.004076242446899414,1.0,0.005523204803466797,1.0
117,1.9469866752624512,1.0,54.19784992599671,2.1023128032684326,1.0,105.3466721152289,53.54112958908081,1.0,54.19784992599671,54.74891972541809,1.0,105.3466721152289,2.494518756866455,1.0,50.24322782655895,7.142353057861328,1.0,225.6656079148505,0.005493879318237305,1.0,0.005637645721435547,1.0
118,2.843827247619629,1.0,54.19784992599671,2.118623733520508,1.0,105.3466721152289,60.87224102020264,1.0,54.19784992599671,54.782248973846436,1.0,105.3466721152289,2.9241433143615723,1.0,50.28501308559771,8.982038497924805,1.0,228.0277841196356,0.00573277473449707,1.0,0.005175590515136719,1.0
119,2.9005303382873535,1.0,54.19784992599671,2.1020538806915283,1.0,105.3466721152289,44.45098161697388,1.0,54.19784992599671,57.356993436813354,1.0,105.3466721152289,2.0215067863464355,1.0,50.361283097075784,5.967833042144775,1.0,229.7395154334415,0.008973121643066406,1.0,0.006843090057373047,1.0
120,2.7568600177764893,1.0,54.19784992599671,2.17364764213562,1.0,105.3466721152289,43.90245580673218,1.0,54.19784992599671,53.41445064544678,1.0,105.3466721152289,47.60339713096619,1.0,54.19784992599671,53.315574645996094,1.0,105.3466721152289,0.003949880599975586,1.0,0.0039052963256835938,1.0
121,2.0774636268615723,1.0,54.19784992599671,1.9698433876037598,1.0,105.3466721152289,45.87364149093628,1.0,54.19784992599671,51.88343620300293,1.0,105.3466721152289,0.8617253303527832,1.0,50.57562456856817,1.0839653015136719,1.0,168.9998037096252,0.006688117980957031,1.0,0.006345987319946289,1.0
122,1.9578394889831543,1.0,54.19784992599671,1.9915752410888672,1.0,105.3466721152289,45.809213161468506,1.0,54.19784992599671,57.78428506851196,1.0,105.3466721152289,0.8103311061859131,1.0,50.570280928086504,2.297114849090576,1.0,193.6195378157464,0.008285999298095703,1.0,0.007656574249267578,1.0
123,1.9613184928894043,1.0,54.19784992599671,1.8609602451324463,1.0,105.3466721152289,42.573763847351074,1.0,54.19784992599671,58.974788188934326,1.0,105.3466721152289,1.1651065349578857,1.0,50.35435920082068,7.4533843994140625,1.0,205.94712134246663,0.004769325256347656,1.0,0.004891395568847656,1.0
124,2.114485740661621,1.0,54.19784992599671,2.17504620552063,1.0,105.3466721152289,56.773831367492676,1.0,54.19784992599671,60.262779712677,1.0,105.3466721152289,1.13669753074646,1.0,50.28819362570266,5.216007471084595,1.0,214.28112385708664,0.005173921585083008,1.0,0.0037894248962402344,1.0
125,2.090074300765991,1.0,54.19784992599671,2.071641683578491,1.0,105.3466721152289,49.946473121643066,1.0,54.19784992599671,51.62161707878113,1.0,105.3466721152289,2.0840439796447754,1.0,50.27383898229664,4.07885479927063,1.0,218.98189535703568,0.006794929504394531,1.0,0.006449699401855469,1.0
126,2.133234739303589,1.0,54.19784992599671,2.0046186447143555,1.0,105.3466721152289,56.06510615348816,1.0,54.19784992599671,55.06751346588135,1.0,105.3466721152289,2.4128944873809814,1.0,50.24892203952322,4.930980443954468,1.0,222.60344005187721,0.004297018051147461,1.0,0.0038347244262695312,1.0
127,1.9638144969940186,1.0,54.19784992599671,1.9153764247894287,1.0,105.3466721152289,45.3472797870636,1.0,54.19784992599671,54.27416133880615,1.0,105.3466721152289,2.0629029273986816,1.0,50.24322782655895,6.33904767036438,1.0,225.6656079148505,0.005185365676879883,1.0,0.006263017654418945,1.0
128,2.1870803833007812,1.0,54.19784992599671,2.0904464721679688,1.0,105.3466721152289,44.72903251647949,1.0,54.19784992599671,51.75100255012512,1.0,105.3466721152289,1.860023021697998,1.0,50.28501308559771,8.174102783203125,1.0,228.0277841196356,0.0067102909088134766,1.0,0.007014751434326172,1.0
129,2.4786596298217773,1.0,54.19784992599671,1.8261494636535645,1.0,105.3466721152289,48.14622116088867,1.0,54.19784992599671,52.65576434135437,1.0,105.3466721152289,1.9812474250793457,1.0,50.361283097075784,5.634508848190308,1.0,229.7395154334415,0.0051958560943603516,1.0,0.004422187805175781,1.0
130,2.4236531257629395,1.0,54.19784992599671,2.1030564308166504,1.0,105.3466721152289,43.54108762741089,1.0,54.19784992599671,51.882874488830566,1.0,105.3466721152289,46.27124309539795,1.0,54.19784992599671,54.105016469955444,1.0,105.3466721152289,0.005342006683349609,1.0,0.0044422149658203125,1.0
131,2.2027335166931152,1.0,54.19784992599671,2.1948914527893066,1.0,105.3466721152289,45.18972110748291,1.0,54.19784992599671,53.609681129455566,1.0,105.3466721152289,0.7320575714111328,1.0,50.57562456856817,1.143996000289917,1.0,168.9998037096252,0.0047512054443359375,1.0,0.004530906677246094,1.0
132,1.9546916484832764,1.0,54.19784992599671,2.013918399810791,1.0,105.3466721152289,42.64711856842041,1.0,54.19784992599671,57.45847964286804,1.0,105.3466721152289,0.8540201187133789,1.0,50.570280928086504,2.105478525161743,1.0,193.6195378157464,0.09467267990112305,1.0,0.0035910606384277344,1.0
133,2.8258183002471924,1.0,54.19784992599671,2.0891458988189697,1.0,105.3466721152289,51.11133885383606,1.0,54.19784992599671,52.1302330493927,1.0,105.3466721152289,1.028181791305542,1.0,50.35435920082068,7.534114122390747,1.0,205.94712134246663,0.016686439514160156,1.0,0.013698101043701172,1.0
134,2.1399686336517334,1.0,54.19784992599671,1.9180266857147217,1.0,105.3466721152289,47.80555725097656,1.0,54.19784992599671,55.58029055595398,1.0,105.3466721152289,1.1867468357086182,1.0,50.28819362570266,5.507912635803223,1.0,214.28112385708664,0.17225241661071777,1.0,0.0058557987213134766,1.0
135,2.6167683601379395,1.0,54.19784992599671,1.9699113368988037,1.0,105.3466721152289,46.50420379638672,1.0,54.19784992599671,53.31061315536499,1.0,105.3466721152289,1.3497071266174316,1.0,50.27383898229664,3.8720500469207764,1.0,218.98189535703568,0.005178928375244141,1.0,0.005486965179443359,1.0
136,2.3911685943603516,1.0,54.19784992599671,1.9181647300720215,1.0,105.3466721152289,42.959229469299316,1.0,54.19784992599671,52.18900489807129,1.0,105.3466721152289,1.6759469509124756,1.0,50.24892203952322,4.464952230453491,1.0,222.60344005187721,0.0058476924896240234,1.0,0.004392862319946289,1.0
137,1.9614336490631104,1.0,54.19784992599671,1.8721210956573486,1.0,105.3466721152289,44.13012742996216,1.0,54.19784992599671,52.88630175590515,1.0,105.3466721152289,1.6098761558532715,1.0,50.24322782655895,5.566874027252197,1.0,225.6656079148505,0.004854440689086914,1.0,0.006766557693481445,1.0
138,2.124323606491089,1.0,54.19784992599671,2.0548479557037354,1.0,105.3466721152289,44.50574612617493,1.0,54.19784992599671,53.69810509681702,1.0,105.3466721152289,1.7415916919708252,1.0,50.28501308559771,7.5273261070251465,1.0,228.0277841196356,0.004659414291381836,1.0,0.004475831985473633,1.0
139,1.9360411167144775,1.0,54.19784992599671,2.0501699447631836,1.0,105.3466721152289,46.27315378189087,1.0,54.19784992599671,50.63766074180603,1.0,105.3466721152289,2.462144136428833,1.0,50.361283097075784,5.31243634223938,1.0,229.7395154334415,0.006800651550292969,1.0,0.0048525333404541016,1.0
140,2.0497357845306396,1.0,54.19784992599671,2.028282403945923,1.0,105.3466721152289,43.04867720603943,1.0,54.19784992599671,51.95338034629822,1.0,105.3466721152289,43.30717706680298,1.0,54.19784992599671,55.33961057662964,1.0,105.3466721152289,0.08972001075744629,1.0,0.008745908737182617,1.0
141,2.7635369300842285,1.0,54.19784992599671,2.103705883026123,1.0,105.3466721152289,47.274980545043945,1.0,54.19784992599671,56.79270339012146,1.0,105.3466721152289,0.7433035373687744,1.0,50.57562456856817,1.005145788192749,1.0,168.9998037096252,0.18007802963256836,1.0,0.0065419673919677734,1.0
142,2.275806188583374,1.0,54.19784992599671,1.9733710289001465,1.0,105.3466721152289,58.43946862220764,1.0,54.19784992599671,61.511778116226196,1.0,105.3466721152289,1.1530003547668457,1.0,50.570280928086504,2.396008014678955,1.0,193.6195378157464,0.44570326805114746,1.0,0.006861448287963867,1.0
143,2.796379327774048,1.0,54.19784992599671,2.328662633895874,1.0,105.3466721152289,45.07062578201294,1.0,54.19784992599671,52.69017314910889,1.0,105.3466721152289,1.1909074783325195,1.0,50.35435920082068,8.127290487289429,1.0,205.94712134246663,0.008185148239135742,1.0,0.007603645324707031,1.0
144,2.3104019165039062,1.0,54.19784992599671,2.1707515716552734,1.0,105.3466721152289,43.51039171218872,1.0,54.19784992599671,56.50647735595703,1.0,105.3466721152289,1.2800047397613525,1.0,50.28819362570266,5.175655126571655,1.0,214.28112385708664,0.003859281539916992,1.0,0.0041446685791015625,1.0
145,2.1743383407592773,1.0,54.19784992599671,2.0630600452423096,1.0,105.3466721152289,44.289493560791016,1.0,54.19784992599671,55.156445026397705,1.0,105.3466721152289,1.3296313285827637,1.0,50.27383898229664,4.829940319061279,1.0,218.98189535703568,0.006186246871948242,1.0,0.0057642459869384766,1.0
146,2.424232244491577,1.0,54.19784992599671,2.1522774696350098,1.0,105.3466721152289,44.56563210487366,1.0,54.19784992599671,52.91612243652344,1.0,105.3466721152289,1.6475090980529785,1.0,50.24892203952322,4.442330598831177,1.0,222.60344005187721,0.004328250885009766,1.0,0.004754304885864258,1.0
147,1.8730292320251465,1.0,54.19784992599671,1.935279130935669,1.0,105.3466721152289,43.72250413894653,1.0,54.19784992599671,51.87949514389038,1.0,105.3466721152289,3.566749334335327,1.0,50.24322782655895,6.822242736816406,1.0,225.6656079148505,0.016764163970947266,1.0,0.00950169563293457,1.0
148,3.081101179122925,1.0,54.19784992599671,2.1149399280548096,1.0,105.3466721152289,44.44556164741516,1.0,54.19784992599671,56.678473234176636,1.0,105.3466721152289,2.8095715045928955,1.0,50.28501308559771,9.266011714935303,1.0,228.0277841196356,0.008838176727294922,1.0,0.006827354431152344,1.0
149,2.610487937927246,1.0,54.19784992599671,2.3229904174804688,1.0,105.3466721152289,44.34381651878357,1.0,54.19784992599671,53.99234485626221,1.0,105.3466721152289,2.732041120529175,1.0,50.361283097075784,5.550806999206543,1.0,229.7395154334415,0.00708460807800293,1.0,0.003806591033935547,1.0
150,2.105999708175659,1.0,54.19784992599671,2.1010842323303223,1.0,105.3466721152289,48.96111297607422,1.0,54.19784992599671,52.48333024978638,1.0,105.3466721152289,52.25053119659424,1.0,54.19784992599671,70.02979063987732,1.0,105.3466721152289,0.12339019775390625,1.0,0.006580352783203125,1.0
151,3.0158884525299072,1.0,54.19784992599671,2.073718309402466,1.0,105.3466721152289,48.646697998046875,1.0,54.19784992599671,56.12115716934204,1.0,105.3466721152289,1.4090220928192139,1.0,50.57562456856817,1.3742144107818604,1.0,168.9998037096252,0.005127429962158203,1.0,0.004820108413696289,1.0
152,1.946441411972046,1.0,54.19784992599671,1.8566985130310059,1.0,105.3466721152289,45.060051918029785,1.0,54.19784992599671,57.204808473587036,1.0,105.3466721152289,0.9760463237762451,1.0,50.570280928086504,2.0316832065582275,1.0,193.6195378157464,0.006768941879272461,1.0,0.0062808990478515625,1.0
153,1.9511632919311523,1.0,54.19784992599671,1.8090147972106934,1.0,105.3466721152289,42.17078924179077,1.0,54.19784992599671,56.73925232887268,1.0,105.3466721152289,1.5909080505371094,1.0,50.35435920082068,7.694205045700073,1.0,205.94712134246663,0.006867885589599609,1.0,0.0065228939056396484,1.0
154,2.098365306854248,1.0,54.19784992599671,1.916672945022583,1.0,105.3466721152289,47.48995637893677,1.0,54.19784992599671,57.79905652999878,1.0,105.3466721152289,1.2500677108764648,1.0,50.28819362570266,5.499781131744385,1.0,214.28112385708664,0.0059354305267333984,1.0,0.00660395622253418,1.0
155,2.114414691925049,1.0,54.19784992599671,2.063772439956665,1.0,105.3466721152289,47.980233907699585,1.0,54.19784992599671,55.668704986572266,1.0,105.3466721152289,1.8809189796447754,1.0,50.27383898229664,4.454911470413208,1.0,218.98189535703568,0.004230022430419922,1.0,0.0039288997650146484,1.0
156,2.2704288959503174,1.0,54.19784992599671,2.032576084136963,1.0,105.3466721152289,43.57958459854126,1.0,54.19784992599671,66.40116739273071,1.0,105.3466721152289,2.332157850265503,1.0,50.24892203952322,5.2452943325042725,1.0,222.60344005187721,0.008482217788696289,1.0,0.006773471832275391,1.0
157,2.6290178298950195,1.0,54.19784992599671,2.285705327987671,1.0,105.3466721152289,46.34675741195679,1.0,54.19784992599671,60.08680605888367,1.0,105.3466721152289,4.726412773132324,1.0,50.24322782655895,6.942923307418823,1.0,225.6656079148505,0.007845640182495117,1.0,0.008348703384399414,1.0
158,2.80720853805542,1.0,54.19784992599671,2.0968523025512695,1.0,105.3466721152289,48.987898111343384,1.0,54.19784992599671,53.37306332588196,1.0,105.3466721152289,1.7278027534484863,1.0,50.28501308559771,7.6068079471588135,1.0,228.0277841196356,0.00575709342956543,1.0,0.003918886184692383,1.0
159,1.8218698501586914,1.0,54.19784992599671,1.8398714065551758,1.0,105.3466721152289,51.37138295173645,1.0,54.19784992599671,60.52349925041199,1.0,105.3466721152289,2.2986645698547363,1.0,50.361283097075784,6.825766086578369,1.0,229.7395154334415,0.006354570388793945,1.0,0.00593876838684082,1.0
160,2.8908419609069824,1.0,54.19784992599671,2.030592679977417,1.0,105.3466721152289,45.80626726150513,1.0,54.19784992599671,61.44981837272644,1.0,105.3466721152289,46.24569773674011,1.0,54.19784992599671,54.87959432601929,1.0,105.3466721152289,0.0056040287017822266,1.0,0.005675077438354492,1.0
161,2.0687265396118164,1.0,54.19784992599671,2.026843547821045,1.0,105.3466721152289,44.85931181907654,1.0,54.19784992599671,57.807109117507935,1.0,105.3466721152289,0.9260141849517822,1.0,50.57562456856817,0.9994165897369385,1.0,168.9998037096252,0.005406379699707031,1.0,0.004824638366699219,1.0
162,2.138920307159424,1.0,54.19784992599671,2.037107229232788,1.0,105.3466721152289,49.19949555397034,1.0,54.19784992599671,54.65479516983032,1.0,105.3466721152289,0.8694651126861572,1.0,50.570280928086504,2.1834564208984375,1.0,193.6195378157464,0.006876230239868164,1.0,0.0063610076904296875,1.0
163,2.1256089210510254,1.0,54.19784992599671,2.217341899871826,1.0,105.3466721152289,47.13367176055908,1.0,54.19784992599671,55.641889810562134,1.0,105.3466721152289,1.576451301574707,1.0,50.35435920082068,7.90421199798584,1.0,205.94712134246663,0.0078887939453125,1.0,0.00816655158996582,1.0
164,2.2400388717651367,1.0,54.19784992599671,1.9184467792510986,1.0,105.3466721152289,49.07339644432068,1.0,54.19784992599671,54.247400999069214,1.0,105.3466721152289,1.2929978370666504,1.0,50.28819362570266,5.0458290576934814,1.0,214.28112385708664,0.006891012191772461,1.0,0.006345033645629883,1.0
165,2.0223772525787354,1.0,54.19784992599671,1.8189308643341064,1.0,105.3466721152289,43.030052185058594,1.0,54.19784992599671,53.21011543273926,1.0,105.3466721152289,2.85805344581604,1.0,50.27383898229664,4.756222486495972,1.0,218.98189535703568,0.0043637752532958984,1.0,0.006395816802978516,1.0
166,2.0481173992156982,1.0,54.19784992599671,1.913944959640503,1.0,105.3466721152289,51.44134330749512,1.0,54.19784992599671,53.86388969421387,1.0,105.3466721152289,1.462996244430542,1.0,50.24892203952322,4.964714527130127,1.0,222.60344005187721,0.006455659866333008,1.0,0.006686210632324219,1.0
167,2.087109088897705,1.0,54.19784992599671,1.8980345726013184,1.0,105.3466721152289,51.17622113227844,1.0,54.19784992599671,64.65031170845032,1.0,105.3466721152289,2.442124128341675,1.0,50.24322782655895,11.524173736572266,1.0,225.6656079148505,0.0064623355865478516,1.0,0.006654500961303711,1.0
168,2.930023670196533,1.0,54.19784992599671,2.2098963260650635,1.0,105.3466721152289,52.149396657943726,1.0,54.19784992599671,59.36343812942505,1.0,105.3466721152289,3.0441455841064453,1.0,50.28501308559771,8.803983449935913,1.0,228.0277841196356,0.0067195892333984375,1.0,0.006726741790771484,1.0
169,3.155794143676758,1.0,54.19784992599671,2.56453800201416,1.0,105.3466721152289,45.92961382865906,1.0,54.19784992599671,54.24681496620178,1.0,105.3466721152289,3.423215866088867,1.0,50.361283097075784,6.035163640975952,1.0,229.7395154334415,0.006951808929443359,1.0,0.005797624588012695,1.0
170,2.439967155456543,1.0,54.19784992599671,4.028543472290039,1.0,105.3466721152289,47.44023776054382,1.0,54.19784992599671,51.740468978881836,1.0,105.3466721152289,47.987070083618164,1.0,54.19784992599671,52.7444634437561,1.0,105.3466721152289,0.004293918609619141,1.0,0.003765106201171875,1.0
171,2.1294355392456055,1.0,54.19784992599671,2.068333148956299,1.0,105.3466721152289,44.66778802871704,1.0,54.19784992599671,51.66962027549744,1.0,105.3466721152289,0.7734854221343994,1.0,50.57562456856817,0.989525318145752,1.0,168.9998037096252,0.004762411117553711,1.0,0.004319429397583008,1.0
172,2.1208736896514893,1.0,54.19784992599671,2.138295888900757,1.0,105.3466721152289,50.88170051574707,1.0,54.19784992599671,56.491994857788086,1.0,105.3466721152289,1.1995601654052734,1.0,50.570280928086504,2.2960617542266846,1.0,193.6195378157464,0.0069391727447509766,1.0,0.006445884704589844,1.0
173,2.087904930114746,1.0,54.19784992599671,2.063570022583008,1.0,105.3466721152289,44.736409425735474,1.0,54.19784992599671,61.77832746505737,1.0,105.3466721152289,1.6094307899475098,1.0,50.35435920082068,7.754616737365723,1.0,205.94712134246663,0.009606361389160156,1.0,0.005499362945556641,1.0
174,2.2116963863372803,1.0,54.19784992599671,1.8424594402313232,1.0,105.3466721152289,50.92819333076477,1.0,54.19784992599671,55.38630652427673,1.0,105.3466721152289,1.1646556854248047,1.0,50.28819362570266,5.006770133972168,1.0,214.28112385708664,0.006818532943725586,1.0,0.0063533782958984375,1.0
175,2.1320602893829346,1.0,54.19784992599671,2.0969014167785645,1.0,105.3466721152289,50.7926983833313,1.0,54.19784992599671,71.41976141929626,1.0,105.3466721152289,1.7574808597564697,1.0,50.27383898229664,5.345386743545532,1.0,218.98189535703568,0.00901651382446289,1.0,0.0048100948333740234,1.0
176,2.6730551719665527,1.0,54.19784992599671,1.8054215908050537,1.0,105.3466721152289,47.85714292526245,1.0,54.19784992599671,60.43841099739075,1.0,105.3466721152289,2.4143803119659424,1.0,50.24892203952322,5.444168329238892,1.0,222.60344005187721,0.007256507873535156,1.0,0.00670313835144043,1.0
177,2.6967272758483887,1.0,54.19784992599671,1.9642181396484375,1.0,105.3466721152289,45.8838849067688,1.0,54.19784992599671,54.58537840843201,1.0,105.3466721152289,2.2936010360717773,1.0,50.24322782655895,5.986248254776001,1.0,225.6656079148505,0.005704164505004883,1.0,0.00592350959777832,1.0
178,2.3624792098999023,1.0,54.19784992599671,2.0532848834991455,1.0,105.3466721152289,44.32954502105713,1.0,54.19784992599671,53.71662759780884,1.0,105.3466721152289,4.472507953643799,1.0,50.28501308559771,8.377933740615845,1.0,228.0277841196356,0.006329059600830078,1.0,0.00429844856262207,1.0
179,1.946629524230957,1.0,54.19784992599671,1.898303747177124,1.0,105.3466721152289,46.37967276573181,1.0,54.19784992599671,51.27918267250061,1.0,105.3466721152289,3.088301658630371,1.0,50.361283097075784,5.736464023590088,1.0,229.7395154334415,0.004640817642211914,1.0,0.005755901336669922,1.0
180,2.0531983375549316,1.0,54.19784992599671,2.2005748748779297,1.0,105.3466721152289,46.67466068267822,1.0,54.19784992599671,52.08382201194763,1.0,105.3466721152289,51.21912741661072,1.0,54.19784992599671,53.97215127944946,1.0,105.3466721152289,0.006713151931762695,1.0,0.00640106201171875,1.0
181,2.132744789123535,1.0,54.19784992599671,1.9582867622375488,1.0,105.3466721152289,45.205790758132935,1.0,54.19784992599671,55.08148241043091,1.0,105.3466721152289,0.6552965641021729,1.0,50.57562456856817,1.112252950668335,1.0,168.9998037096252,0.0051915645599365234,1.0,0.004790067672729492,1.0
182,1.9786479473114014,1.0,54.19784992599671,1.975984811782837,1.0,105.3466721152289,43.7928946018219,1.0,54.19784992599671,53.513404846191406,1.0,105.3466721152289,0.8565957546234131,1.0,50.570280928086504,2.302208662033081,1.0,193.6195378157464,0.006804704666137695,1.0,0.006534576416015625,1.0
183,2.112330913543701,1.0,54.19784992599671,2.0283493995666504,1.0,105.3466721152289,50.630321979522705,1.0,54.19784992599671,56.20240306854248,1.0,105.3466721152289,1.0618205070495605,1.0,50.35435920082068,7.532486438751221,1.0,205.94712134246663,0.008488893508911133,1.0,0.004944801330566406,1.0
184,2.0072624683380127,1.0,54.19784992599671,2.057969331741333,1.0,105.3466721152289,43.61931276321411,1.0,54.19784992599671,52.79009199142456,1.0,105.3466721152289,1.1824352741241455,1.0,50.28819362570266,5.1630027294158936,1.0,214.28112385708664,0.004910945892333984,1.0,0.005248308181762695,1.0
185,2.173959970474243,1.0,54.19784992599671,2.1521756649017334,1.0,105.3466721152289,45.16343903541565,1.0,54.19784992599671,52.20248293876648,1.0,105.3466721152289,1.2966334819793701,1.0,50.27383898229664,3.7859947681427,1.0,218.98189535703568,0.012432575225830078,1.0,0.006371259689331055,1.0
186,1.9720275402069092,1.0,54.19784992599671,1.8790802955627441,1.0,105.3466721152289,42.84303855895996,1.0,54.19784992599671,50.969438552856445,1.0,105.3466721152289,1.9457967281341553,1.0,50.24892203952322,4.460033655166626,1.0,222.60344005187721,0.0069217681884765625,1.0,0.0063076019287109375,1.0
187,2.2034099102020264,1.0,54.19784992599671,2.016374349594116,1.0,105.3466721152289,42.92635154724121,1.0,54.19784992599671,51.52398204803467,1.0,105.3466721152289,1.5592315196990967,1.0,50.24322782655895,5.076638221740723,1.0,225.6656079148505,0.006837606430053711,1.0,0.006524801254272461,1.0
188,1.9494538307189941,1.0,54.19784992599671,1.9254062175750732,1.0,105.3466721152289,44.26410436630249,1.0,54.19784992599671,52.89893937110901,1.0,105.3466721152289,1.7716188430786133,1.0,50.28501308559771,7.816084384918213,1.0,228.0277841196356,0.005044698715209961,1.0,0.004225969314575195,1.0
189,2.101067543029785,1.0,54.19784992599671,2.1472551822662354,1.0,105.3466721152289,43.64119553565979,1.0,54.19784992599671,51.847965717315674,1.0,105.3466721152289,1.8737599849700928,1.0,50.361283097075784,5.382903337478638,1.0,229.7395154334415,0.0043337345123291016,1.0,0.003915309906005859,1.0
190,2.5021142959594727,1.0,54.19784992599671,2.6973307132720947,1.0,105.3466721152289,42.21774125099182,1.0,54.19784992599671,51.88042593002319,1.0,105.3466721152289,43.08412981033325,1.0,54.19784992599671,76.59825921058655,1.0,105.3466721152289,0.36031341552734375,1.0,0.00810861587524414,1.0
191,5.012632131576538,1.0,54.19784992599671,6.431951999664307,1.0,105.3466721152289,58.3634033203125,1.0,54.19784992599671,73.53194761276245,1.0,105.3466721152289,1.3003299236297607,1.0,50.57562456856817,1.8571600914001465,1.0,168.9998037096252,0.005503654479980469,1.0,0.005554914474487305,1.0
192,3.273536443710327,1.0,54.19784992599671,2.620518445968628,1.0,105.3466721152289,49.91694211959839,1.0,54.19784992599671,52.973387479782104,1.0,105.3466721152289,0.9764847755432129,1.0,50.570280928086504,2.088806629180908,1.0,193.6195378157464,0.004912853240966797,1.0,0.0065860748291015625,1.0
193,2.0908665657043457,1.0,54.19784992599671,1.9144575595855713,1.0,105.3466721152289,46.359325647354126,1.0,54.19784992599671,55.47957158088684,1.0,105.3466721152289,1.423893690109253,1.0,50.35435920082068,7.683845043182373,1.0,205.94712134246663,0.00432586669921875,1.0,0.004566192626953125,1.0
194,2.16260027885437,1.0,54.19784992599671,2.004336357116699,1.0,105.3466721152289,44.52353310585022,1.0,54.19784992599671,53.17297291755676,1.0,105.3466721152289,2.136397123336792,1.0,50.28819362570266,6.039584398269653,1.0,214.28112385708664,0.00596165657043457,1.0,0.005699634552001953,1.0
195,2.93654727935791,1.0,54.19784992599671,1.9569156169891357,1.0,105.3466721152289,44.38343143463135,1.0,54.19784992599671,56.346097230911255,1.0,105.3466721152289,1.5557823181152344,1.0,50.27383898229664,4.866509199142456,1.0,218.98189535703568,0.00907278060913086,1.0,0.006437778472900391,1.0
196,2.6203837394714355,1.0,54.19784992599671,2.1863012313842773,1.0,105.3466721152289,47.74304437637329,1.0,54.19784992599671,54.246549129486084,1.0,105.3466721152289,2.054741382598877,1.0,50.24892203952322,8.11889362335205,1.0,222.60344005187721,0.006561756134033203,1.0,0.007061958312988281,1.0
197,2.360198974609375,1.0,54.19784992599671,1.9861993789672852,1.0,105.3466721152289,48.50072002410889,1.0,54.19784992599671,51.77370738983154,1.0,105.3466721152289,2.211421251296997,1.0,50.24322782655895,6.093494176864624,1.0,225.6656079148505,0.004336833953857422,1.0,0.004199504852294922,1.0
198,2.290968656539917,1.0,54.19784992599671,2.07430362701416,1.0,105.3466721152289,45.39151668548584,1.0,54.19784992599671,57.972712993621826,1.0,105.3466721152289,3.700103282928467,1.0,50.28501308559771,8.371171474456787,1.0,228.0277841196356,0.007245779037475586,1.0,0.003686189651489258,1.0
199,2.206590175628662,1.0,54.19784992599671,2.1098532676696777,1.0,105.3466721152289,42.690122842788696,1.0,54.19784992599671,65.35272765159607,1.0,105.3466721152289,5.855559587478638,1.0,50.361283097075784,6.329314231872559,1.0,229.7395154334415,0.2402973175048828,1.0,0.007876157760620117,1.0
200,2.8502190113067627,1.0,54.19784992599671,2.0501346588134766,1.0,105.3466721152289,61.01063847541809,1.0,54.19784992599671,66.86483788490295,1.0,105.3466721152289,46.68517994880676,1.0,54.19784992599671,54.29180121421814,1.0,105.3466721152289,0.24449706077575684,1.0,0.005029201507568359,1.0
201,2.7963998317718506,1.0,54.19784992599671,2.1108946800231934,1.0,105.3466721152289,50.30540943145752,1.0,54.19784992599671,53.04036474227905,1.0,105.3466721152289,0.8865091800689697,1.0,50.57562456856817,0.9858546257019043,1.0,168.9998037096252,0.006830930709838867,1.0,0.0036280155181884766,1.0
202,2.1315951347351074,1.0,54.19784992599671,1.8877570629119873,1.0,105.3466721152289,46.276262283325195,1.0,54.19784992599671,60.30538558959961,1.0,105.3466721152289,1.0028538703918457,1.0,50.570280928086504,2.4986073970794678,1.0,193.6195378157464,0.006377220153808594,1.0,0.005599021911621094,1.0
203,2.2176687717437744,1.0,54.19784992599671,2.034113883972168,1.0,105.3466721152289,43.87574744224548,1.0,54.19784992599671,56.12740087509155,1.0,105.3466721152289,1.9017629623413086,1.0,50.35435920082068,8.236908912658691,1.0,205.94712134246663,0.007578372955322266,1.0,0.007082700729370117,1.0
204,2.2902231216430664,1.0,54.19784992599671,2.0774147510528564,1.0,105.3466721152289,48.620651721954346,1.0,54.19784992599671,60.449007511138916,1.0,105.3466721152289,1.2048001289367676,1.0,50.28819362570266,4.8517186641693115,1.0,214.28112385708664,0.1867237091064453,1.0,0.006060600280761719,1.0
205,2.858654022216797,1.0,54.19784992599671,1.9488728046417236,1.0,105.3466721152289,47.2563042640686,1.0,54.19784992599671,52.547053813934326,1.0,105.3466721152289,2.163879156112671,1.0,50.27383898229664,4.240429401397705,1.0,218.98189535703568,0.0054814815521240234,1.0,0.004899263381958008,1.0
206,2.410572052001953,1.0,54.19784992599671,2.051675796508789,1.0,105.3466721152289,48.61665606498718,1.0,54.19784992599671,65.04870510101318,1.0,105.3466721152289,3.5594382286071777,1.0,50.24892203952322,5.6056859493255615,1.0,222.60344005187721,0.007846593856811523,1.0,0.008257865905761719,1.0
207,2.421956777572632,1.0,54.19784992599671,2.0337014198303223,1.0,105.3466721152289,45.34704566001892,1.0,54.19784992599671,57.063169956207275,1.0,105.3466721152289,1.800018310546875,1.0,50.24322782655895,5.536145925521851,1.0,225.6656079148505,0.007016420364379883,1.0,0.006487607955932617,1.0
208,1.9734082221984863,1.0,54.19784992599671,1.9248671531677246,1.0,105.3466721152289,45.23340892791748,1.0,54.19784992599671,69.24695229530334,1.0,105.3466721152289,3.063176155090332,1.0,50.28501308559771,8.46239972114563,1.0,228.0277841196356,0.15462183952331543,1.0,0.008907079696655273,1.0
209,2.9242753982543945,1.0,54.19784992599671,2.1558492183685303,1.0,105.3466721152289,50.229376554489136,1.0,54.19784992599671,51.91903591156006,1.0,105.3466721152289,5.636551380157471,1.0,50.361283097075784,7.252037048339844,1.0,229.7395154334415,0.007711648941040039,1.0,0.006550788879394531,1.0
210,2.979372262954712,1.0,54.19784992599671,2.6365182399749756,1.0,105.3466721152289,44.71187090873718,1.0,54.19784992599671,56.630587339401245,1.0,105.3466721152289,48.85075855255127,1.0,54.19784992599671,65.85055446624756,1.0,105.3466721152289,0.005628347396850586,1.0,0.005618095397949219,1.0
211,2.272557020187378,1.0,54.19784992599671,2.1056478023529053,1.0,105.3466721152289,44.71660614013672,1.0,54.19784992599671,56.303444385528564,1.0,105.3466721152289,0.9036214351654053,1.0,50.57562456856817,1.2102665901184082,1.0,168.9998037096252,0.004618167877197266,1.0,0.004704475402832031,1.0
212,2.060919761657715,1.0,54.19784992599671,2.0063633918762207,1.0,105.3466721152289,43.012436628341675,1.0,54.19784992599671,54.6901695728302,1.0,105.3466721152289,0.8020913600921631,1.0,50.570280928086504,2.0352694988250732,1.0,193.6195378157464,0.005856513977050781,1.0,0.009039878845214844,1.0
213,1.9900157451629639,1.0,54.19784992599671,2.066706657409668,1.0,105.3466721152289,45.47004699707031,1.0,54.19784992599671,52.31694674491882,1.0,105.3466721152289,0.9884159564971924,1.0,50.35435920082068,8.04670238494873,1.0,205.94712134246663,0.007085323333740234,1.0,0.0048656463623046875,1.0
214,2.2654612064361572,1.0,54.19784992599671,1.8801493644714355,1.0,105.3466721152289,47.97932291030884,1.0,54.19784992599671,62.84384799003601,1.0,105.3466721152289,2.1152143478393555,1.0,50.28819362570266,5.853477716445923,1.0,214.28112385708664,0.012346267700195312,1.0,0.0068247318267822266,1.0
215,2.640516996383667,1.0,54.19784992599671,2.229963541030884,1.0,105.3466721152289,46.60214447975159,1.0,54.19784992599671,52.997318506240845,1.0,105.3466721152289,2.0280611515045166,1.0,50.27383898229664,4.259639501571655,1.0,218.98189535703568,0.01028895378112793,1.0,0.005257129669189453,1.0
216,2.459921360015869,1.0,54.19784992599671,1.9598584175109863,1.0,105.3466721152289,45.3252010345459,1.0,54.19784992599671,64.9987781047821,1.0,105.3466721152289,1.906700849533081,1.0,50.24892203952322,5.44464373588562,1.0,222.60344005187721,0.0038139820098876953,1.0,0.0033783912658691406,1.0
217,2.0718584060668945,1.0,54.19784992599671,2.161898612976074,1.0,105.3466721152289,48.00994801521301,1.0,54.19784992599671,51.89637851715088,1.0,105.3466721152289,2.026902437210083,1.0,50.24322782655895,6.188975811004639,1.0,225.6656079148505,0.0037860870361328125,1.0,0.01001882553100586,1.0
218,2.2112183570861816,1.0,54.19784992599671,1.9620671272277832,1.0,105.3466721152289,47.92256712913513,1.0,54.19784992599671,53.597485065460205,1.0,105.3466721152289,2.4182238578796387,1.0,50.28501308559771,9.529065132141113,1.0,228.0277841196356,0.0072171688079833984,1.0,0.006189823150634766,1.0
219,3.095113515853882,1.0,54.19784992599671,2.1825342178344727,1.0,105.3466721152289,43.427095890045166,1.0,54.19784992599671,55.93509769439697,1.0,105.3466721152289,2.6541621685028076,1.0,50.361283097075784,6.318018674850464,1.0,229.7395154334415,0.00858616828918457,1.0,0.0068089962005615234,1.0
220,2.638648509979248,1.0,54.19784992599671,2.1249473094940186,1.0,105.3466721152289,44.5022497177124,1.0,54.19784992599671,51.477779388427734,1.0,105.3466721152289,42.99346613883972,1.0,54.19784992599671,53.0192186832428,1.0,105.3466721152289,0.008469581604003906,1.0,0.0063250064849853516,1.0
221,2.3017990589141846,1.0,54.19784992599671,2.029514789581299,1.0,105.3466721152289,47.49030923843384,1.0,54.19784992599671,54.84744071960449,1.0,105.3466721152289,0.6865944862365723,1.0,50.57562456856817,1.0387234687805176,1.0,168.9998037096252,0.005792379379272461,1.0,0.005051851272583008,1.0
222,2.2614622116088867,1.0,54.19784992599671,2.168135166168213,1.0,105.3466721152289,47.22406029701233,1.0,54.19784992599671,51.087056159973145,1.0,105.3466721152289,1.0273020267486572,1.0,50.570280928086504,2.209904432296753,1.0,193.6195378157464,0.005503177642822266,1.0,0.0049932003021240234,1.0
223,2.1235508918762207,1.0,54.19784992599671,1.9584755897521973,1.0,105.3466721152289,43.44487237930298,1.0,54.19784992599671,59.51148176193237,1.0,105.3466721152289,2.0477254390716553,1.0,50.35435920082068,8.36531376838684,1.0,205.94712134246663,0.0059850215911865234,1.0,0.006042003631591797,1.0
224,2.743258476257324,1.0,54.19784992599671,2.036628484725952,1.0,105.3466721152289,50.11189794540405,1.0,54.19784992599671,64.74001789093018,1.0,105.3466721152289,3.3445401191711426,1.0,50.28819362570266,6.572934865951538,1.0,214.28112385708664,0.2796666622161865,1.0,0.00855398178100586,1.0
225,3.3825390338897705,1.0,54.19784992599671,2.6585540771484375,1.0,105.3466721152289,54.21732831001282,1.0,54.19784992599671,56.062421560287476,1.0,105.3466721152289,2.0537173748016357,1.0,50.27383898229664,4.599766969680786,1.0,218.98189535703568,0.0046539306640625,1.0,0.004828214645385742,1.0
226,2.2972846031188965,1.0,54.19784992599671,2.0628933906555176,1.0,105.3466721152289,47.70163011550903,1.0,54.19784992599671,52.52538800239563,1.0,105.3466721152289,1.5651004314422607,1.0,50.24892203952322,4.864061594009399,1.0,222.60344005187721,0.004736185073852539,1.0,0.004361391067504883,1.0
227,1.9985413551330566,1.0,54.19784992599671,1.9520132541656494,1.0,105.3466721152289,44.0233359336853,1.0,54.19784992599671,53.09821367263794,1.0,105.3466721152289,3.4814200401306152,1.0,50.24322782655895,6.53843355178833,1.0,225.6656079148505,0.0073089599609375,1.0,0.0057642459869384766,1.0
228,2.5550594329833984,1.0,54.19784992599671,2.411593198776245,1.0,105.3466721152289,46.0508770942688,1.0,54.19784992599671,56.53662061691284,1.0,105.3466721152289,2.742119312286377,1.0,50.28501308559771,8.981460094451904,1.0,228.0277841196356,0.007981300354003906,1.0,0.008466958999633789,1.0
229,2.8985345363616943,1.0,54.19784992599671,2.127276659011841,1.0,105.3466721152289,44.86008024215698,1.0,54.19784992599671,54.91462159156799,1.0,105.3466721152289,2.0566964149475098,1.0,50.361283097075784,5.308318376541138,1.0,229.7395154334415,0.009129524230957031,1.0,0.006325483322143555,1.0
230,2.3260836601257324,1.0,54.19784992599671,1.9597437381744385,1.0,105.3466721152289,43.34514927864075,1.0,54.19784992599671,56.68265151977539,1.0,105.3466721152289,54.575467348098755,1.0,54.19784992599671,52.33029770851135,1.0,105.3466721152289,0.28114819526672363,1.0,0.0074253082275390625,1.0
231,2.7552168369293213,1.0,54.19784992599671,1.8623981475830078,1.0,105.3466721152289,49.17241358757019,1.0,54.19784992599671,53.26400351524353,1.0,105.3466721152289,0.7388243675231934,1.0,50.57562456856817,1.1376757621765137,1.0,168.9998037096252,0.005403280258178711,1.0,0.00469517707824707,1.0
232,2.1705164909362793,1.0,54.19784992599671,2.1120712757110596,1.0,105.3466721152289,47.24915528297424,1.0,54.19784992599671,61.79482913017273,1.0,105.3466721152289,1.1868579387664795,1.0,50.570280928086504,2.2409629821777344,1.0,193.6195378157464,0.006880760192871094,1.0,0.0063860416412353516,1.0
233,1.9635052680969238,1.0,54.19784992599671,2.09722900390625,1.0,105.3466721152289,53.06888937950134,1.0,54.19784992599671,52.9329252243042,1.0,105.3466721152289,1.4975755214691162,1.0,50.35435920082068,7.983104944229126,1.0,205.94712134246663,0.004349231719970703,1.0,0.00448918342590332,1.0
234,2.2567546367645264,1.0,54.19784992599671,1.9654951095581055,1.0,105.3466721152289,44.13184952735901,1.0,54.19784992599671,54.76810693740845,1.0,105.3466721152289,1.2808849811553955,1.0,50.28819362570266,5.071349382400513,1.0,214.28112385708664,0.005190372467041016,1.0,0.004224061965942383,1.0
235,1.9602878093719482,1.0,54.19784992599671,2.1715188026428223,1.0,105.3466721152289,46.11094379425049,1.0,54.19784992599671,55.0356125831604,1.0,105.3466721152289,1.8204784393310547,1.0,50.27383898229664,4.190983295440674,1.0,218.98189535703568,0.005704402923583984,1.0,0.0049059391021728516,1.0
236,2.093348264694214,1.0,54.19784992599671,1.9975507259368896,1.0,105.3466721152289,46.95934820175171,1.0,54.19784992599671,56.898088693618774,1.0,105.3466721152289,2.3490753173828125,1.0,50.24892203952322,5.425242185592651,1.0,222.60344005187721,0.007191181182861328,1.0,0.006651878356933594,1.0
237,3.018031597137451,1.0,54.19784992599671,2.632817506790161,1.0,105.3466721152289,43.80946660041809,1.0,54.19784992599671,52.872098445892334,1.0,105.3466721152289,1.801461935043335,1.0,50.24322782655895,5.236480236053467,1.0,225.6656079148505,0.005040645599365234,1.0,0.004106044769287109,1.0
238,2.1467437744140625,1.0,54.19784992599671,2.2750587463378906,1.0,105.3466721152289,44.685619831085205,1.0,54.19784992599671,56.76041030883789,1.0,105.3466721152289,2.712900400161743,1.0,50.28501308559771,9.148648500442505,1.0,228.0277841196356,0.007270336151123047,1.0,0.007007598876953125,1.0
239,2.7726054191589355,1.0,54.19784992599671,1.9268102645874023,1.0,105.3466721152289,47.99044966697693,1.0,54.19784992599671,54.38538932800293,1.0,105.3466721152289,1.9907457828521729,1.0,50.361283097075784,9.715216875076294,1.0,229.7395154334415,0.008836746215820312,1.0,0.007418155670166016,1.0
240,2.8845882415771484,1.0,54.19784992599671,2.0363752841949463,1.0,105.3466721152289,46.07209801673889,1.0,54.19784992599671,51.627336263656616,1.0,105.3466721152289,44.63711190223694,1.0,54.19784992599671,59.294116735458374,1.0,105.3466721152289,0.007122039794921875,1.0,0.0059092044830322266,1.0
241,2.1903722286224365,1.0,54.19784992599671,1.933835506439209,1.0,105.3466721152289,46.50485682487488,1.0,54.19784992599671,53.04882454872131,1.0,105.3466721152289,0.7347438335418701,1.0,50.57562456856817,1.070737361907959,1.0,168.9998037096252,0.003976583480834961,1.0,0.0049440860748291016,1.0
242,2.1012539863586426,1.0,54.19784992599671,2.147548198699951,1.0,105.3466721152289,44.06922674179077,1.0,54.19784992599671,54.11377310752869,1.0,105.3466721152289,0.8914308547973633,1.0,50.570280928086504,2.352508068084717,1.0,193.6195378157464,0.006478309631347656,1.0,0.0062716007232666016,1.0
243,2.2298858165740967,1.0,54.19784992599671,2.038571834564209,1.0,105.3466721152289,45.5686981678009,1.0,54.19784992599671,51.912808895111084,1.0,105.3466721152289,0.9932291507720947,1.0,50.35435920082068,7.687111139297485,1.0,205.94712134246663,0.0051555633544921875,1.0,0.0047206878662109375,1.0
244,1.8963303565979004,1.0,54.19784992599671,1.8626399040222168,1.0,105.3466721152289,43.97553467750549,1.0,54.19784992599671,51.296549558639526,1.0,105.3466721152289,1.2267076969146729,1.0,50.28819362570266,5.010756254196167,1.0,214.28112385708664,0.006677150726318359,1.0,0.008139371871948242,1.0
245,1.9995155334472656,1.0,54.19784992599671,2.2295660972595215,1.0,105.3466721152289,44.199820041656494,1.0,54.19784992599671,52.23846793174744,1.0,105.3466721152289,1.2818095684051514,1.0,50.27383898229664,3.7025065422058105,1.0,218.98189535703568,0.004163026809692383,1.0,0.004965305328369141,1.0
246,2.066915988922119,1.0,54.19784992599671,2.145206928253174,1.0,105.3466721152289,44.70436429977417,1.0,54.19784992599671,55.16321778297424,1.0,105.3466721152289,1.6442890167236328,1.0,50.24892203952322,4.68027138710022,1.0,222.60344005187721,0.006922483444213867,1.0,0.005316257476806641,1.0
247,2.1389997005462646,1.0,54.19784992599671,2.068704843521118,1.0,105.3466721152289,45.34254264831543,1.0,54.19784992599671,51.91145038604736,1.0,105.3466721152289,1.5215814113616943,1.0,50.24322782655895,5.34088134765625,1.0,225.6656079148505,0.007267475128173828,1.0,0.008132219314575195,1.0
248,1.9519309997558594,1.0,54.19784992599671,2.06445574760437,1.0,105.3466721152289,42.938605308532715,1.0,54.19784992599671,51.30268049240112,1.0,105.3466721152289,1.7272343635559082,1.0,50.28501308559771,8.500284194946289,1.0,228.0277841196356,0.0052661895751953125,1.0,0.004721164703369141,1.0
249,2.7737863063812256,1.0,54.19784992599671,2.603084087371826,1.0,105.3466721152289,51.486148834228516,1.0,54.19784992599671,70.51306295394897,1.0,105.3466721152289,9.49775218963623,1.0,50.361283097075784,7.592580080032349,1.0,229.7395154334415,0.8902149200439453,1.0,0.006628990173339844,1.0
250,3.6917834281921387,1.0,54.19784992599671,2.9413537979125977,1.0,105.3466721152289,68.11753439903259,1.0,54.19784992599671,64.48648023605347,1.0,105.3466721152289,47.540281534194946,1.0,54.19784992599671,63.20303416252136,1.0,105.3466721152289,0.318617582321167,1.0,0.007273435592651367,1.0
251,2.7295660972595215,1.0,54.19784992599671,2.1703310012817383,1.0,105.3466721152289,48.82768702507019,1.0,54.19784992599671,56.76112389564514,1.0,105.3466721152289,0.7600681781768799,1.0,50.57562456856817,0.8473625183105469,1.0,168.9998037096252,0.004348278045654297,1.0,0.004315614700317383,1.0
252,1.9983389377593994,1.0,54.19784992599671,2.1566224098205566,1.0,105.3466721152289,48.206634521484375,1.0,54.19784992599671,54.71934723854065,1.0,105.3466721152289,0.9680571556091309,1.0,50.570280928086504,2.8234214782714844,1.0,193.6195378157464,0.010359764099121094,1.0,0.008153438568115234,1.0
253,2.7205135822296143,1.0,54.19784992599671,2.127647876739502,1.0,105.3466721152289,52.89224314689636,1.0,54.19784992599671,61.24264073371887,1.0,105.3466721152289,1.7049005031585693,1.0,50.35435920082068,8.15005373954773,1.0,205.94712134246663,0.0070459842681884766,1.0,0.006714820861816406,1.0
254,2.8176157474517822,1.0,54.19784992599671,2.0172152519226074,1.0,105.3466721152289,44.32144474983215,1.0,54.19784992599671,56.08564734458923,1.0,105.3466721152289,1.650378704071045,1.0,50.28819362570266,5.473906755447388,1.0,214.28112385708664,0.006780385971069336,1.0,0.006540536880493164,1.0
255,2.006662607192993,1.0,54.19784992599671,1.9962918758392334,1.0,105.3466721152289,43.704389572143555,1.0,54.19784992599671,61.44108867645264,1.0,105.3466721152289,3.874549388885498,1.0,50.27383898229664,4.612679481506348,1.0,218.98189535703568,0.00738215446472168,1.0,0.009674072265625,1.0
256,2.850713014602661,1.0,54.19784992599671,2.082400321960449,1.0,105.3466721152289,55.553566217422485,1.0,54.19784992599671,59.376800537109375,1.0,105.3466721152289,1.7573277950286865,1.0,50.24892203952322,5.622859001159668,1.0,222.60344005187721,0.010773658752441406,1.0,0.005750894546508789,1.0
257,2.1548938751220703,1.0,54.19784992599671,2.1631250381469727,1.0,105.3466721152289,50.36572313308716,1.0,54.19784992599671,51.894041538238525,1.0,105.3466721152289,1.5914599895477295,1.0,50.24322782655895,5.137211799621582,1.0,225.6656079148505,0.004325151443481445,1.0,0.004046916961669922,1.0
258,1.9050285816192627,1.0,54.19784992599671,1.8633556365966797,1.0,105.3466721152289,64.24653816223145,1.0,54.19784992599671,59.30598735809326,1.0,105.3466721152289,3.620047092437744,1.0,50.28501308559771,9.359062433242798,1.0,228.0277841196356,0.024452924728393555,1.0,0.008014917373657227,1.0
259,3.0428922176361084,1.0,54.19784992599671,2.680712938308716,1.0,105.3466721152289,47.540682315826416,1.0,54.19784992599671,58.04584980010986,1.0,105.3466721152289,3.488755464553833,1.0,50.361283097075784,7.978666067123413,1.0,229.7395154334415,0.00714874267578125,1.0,0.006682872772216797,1.0
260,2.7558517456054688,1.0,54.19784992599671,2.2112481594085693,1.0,105.3466721152289,45.59223914146423,1.0,54.19784992599671,55.70161700248718,1.0,105.3466721152289,54.755266189575195,1.0,54.19784992599671,53.915252685546875,1.0,105.3466721152289,0.005150556564331055,1.0,0.0049898624420166016,1.0
261,2.096442699432373,1.0,54.19784992599671,1.9800477027893066,1.0,105.3466721152289,45.726670265197754,1.0,54.19784992599671,54.05409789085388,1.0,105.3466721152289,1.2549004554748535,1.0,50.57562456856817,1.3468883037567139,1.0,168.9998037096252,0.003854513168334961,1.0,0.003410816192626953,1.0
262,2.142544984817505,1.0,54.19784992599671,2.0403707027435303,1.0,105.3466721152289,52.547133922576904,1.0,54.19784992599671,60.61575508117676,1.0,105.3466721152289,1.1905527114868164,1.0,50.570280928086504,2.3246288299560547,1.0,193.6195378157464,0.004587650299072266,1.0,0.004102468490600586,1.0
263,2.0283803939819336,1.0,54.19784992599671,2.0270988941192627,1.0,105.3466721152289,42.987191915512085,1.0,54.19784992599671,61.21986103057861,1.0,105.3466721152289,1.768082857131958,1.0,50.35435920082068,7.668771266937256,1.0,205.94712134246663,0.004749298095703125,1.0,0.0045130252838134766,1.0
264,1.9012126922607422,1.0,54.19784992599671,1.8958039283752441,1.0,105.3466721152289,60.08666253089905,1.0,54.19784992599671,66.45533323287964,1.0,105.3466721152289,1.3156242370605469,1.0,50.28819362570266,5.690459966659546,1.0,214.28112385708664,0.004621982574462891,1.0,0.005657196044921875,1.0
265,2.5782291889190674,1.0,54.19784992599671,2.606100082397461,1.0,105.3466721152289,55.41421341896057,1.0,54.19784992599671,65.37413358688354,1.0,105.3466721152289,2.7497103214263916,1.0,50.27383898229664,6.2756757736206055,1.0,218.98189535703568,0.005165815353393555,1.0,0.0047757625579833984,1.0
266,2.4645917415618896,1.0,54.19784992599671,2.3858509063720703,1.0,105.3466721152289,77.9896833896637,1.0,54.19784992599671,68.06542372703552,1.0,105.3466721152289,2.4322731494903564,1.0,50.24892203952322,5.489811420440674,1.0,222.60344005187721,0.005583524703979492,1.0,0.003794431686401367,1.0
267,3.6209824085235596,1.0,54.19784992599671,4.916520595550537,1.0,105.3466721152289,51.49528169631958,1.0,54.19784992599671,63.69862914085388,1.0,105.3466721152289,6.037545680999756,1.0,50.24322782655895,6.404291152954102,1.0,225.6656079148505,0.005493640899658203,1.0,0.004138469696044922,1.0
268,3.065563917160034,1.0,54.19784992599671,2.6866743564605713,1.0,105.3466721152289,52.05081367492676,1.0,54.19784992599671,63.058202266693115,1.0,105.3466721152289,4.701589345932007,1.0,50.28501308559771,9.098559379577637,1.0,228.0277841196356,0.005274534225463867,1.0,0.0034716129302978516,1.0
269,2.3983466625213623,1.0,54.19784992599671,2.2543818950653076,1.0,105.3466721152289,51.83660626411438,1.0,54.19784992599671,62.41423749923706,1.0,105.3466721152289,2.206923484802246,1.0,50.361283097075784,5.699847459793091,1.0,229.7395154334415,0.0037856101989746094,1.0,0.003377199172973633,1.0
270,2.3926751613616943,1.0,54.19784992599671,2.6670989990234375,1.0,105.3466721152289,51.562803983688354,1.0,54.19784992599671,63.00599718093872,1.0,105.3466721152289,52.06540083885193,1.0,54.19784992599671,62.35229706764221,1.0,105.3466721152289,0.006794929504394531,1.0,0.006467103958129883,1.0
271,2.4771721363067627,1.0,54.19784992599671,2.3194644451141357,1.0,105.3466721152289,51.60422897338867,1.0,54.19784992599671,62.58643555641174,1.0,105.3466721152289,0.8770766258239746,1.0,50.57562456856817,1.122426986694336,1.0,168.9998037096252,0.009062767028808594,1.0,0.008329153060913086,1.0
272,2.257871389389038,1.0,54.19784992599671,2.273075819015503,1.0,105.3466721152289,50.451820611953735,1.0,54.19784992599671,60.289685010910034,1.0,105.3466721152289,1.0260910987854004,1.0,50.570280928086504,2.4559779167175293,1.0,193.6195378157464,0.00691533088684082,1.0,0.00649714469909668,1.0
273,2.456645965576172,1.0,54.19784992599671,2.33193302154541,1.0,105.3466721152289,54.402660846710205,1.0,54.19784992599671,60.11222529411316,1.0,105.3466721152289,1.279994249343872,1.0,50.35435920082068,9.011728048324585,1.0,205.94712134246663,0.011159658432006836,1.0,0.005809783935546875,1.0
274,2.338064432144165,1.0,54.19784992599671,2.3997511863708496,1.0,105.3466721152289,59.08384299278259,1.0,54.19784992599671,65.77801275253296,1.0,105.3466721152289,1.3206026554107666,1.0,50.28819362570266,5.945587396621704,1.0,214.28112385708664,0.005466461181640625,1.0,0.00542449951171875,1.0
275,2.4992308616638184,1.0,54.19784992599671,2.4529552459716797,1.0,105.3466721152289,52.19408917427063,1.0,54.19784992599671,61.110145807266235,1.0,105.3466721152289,1.4131829738616943,1.0,50.27383898229664,3.994135618209839,1.0,218.98189535703568,0.005853891372680664,1.0,0.007786750793457031,1.0
276,2.467050313949585,1.0,54.19784992599671,2.4453141689300537,1.0,105.3466721152289,51.57702970504761,1.0,54.19784992599671,64.06441760063171,1.0,105.3466721152289,2.4527587890625,1.0,50.24892203952322,6.2262492179870605,1.0,222.60344005187721,0.0074536800384521484,1.0,0.0038094520568847656,1.0
277,2.457315444946289,1.0,54.19784992599671,2.3464009761810303,1.0,105.3466721152289,52.157063007354736,1.0,54.19784992599671,62.34597730636597,1.0,105.3466721152289,1.8927154541015625,1.0,50.24322782655895,6.285872459411621,1.0,225.6656079148505,0.0065860748291015625,1.0,0.0036160945892333984,1.0
278,2.293368101119995,1.0,54.19784992599671,2.3497352600097656,1.0,105.3466721152289,51.89404797554016,1.0,54.19784992599671,61.29286861419678,1.0,105.3466721152289,2.067047119140625,1.0,50.28501308559771,8.960733413696289,1.0,228.0277841196356,0.005829334259033203,1.0,0.007227659225463867,1.0
279,2.57038950920105,1.0,54.19784992599671,2.3922038078308105,1.0,105.3466721152289,51.485366106033325,1.0,54.19784992599671,60.87228012084961,1.0,105.3466721152289,3.8546488285064697,1.0,50.361283097075784,6.898090124130249,1.0,229.7395154334415,0.005528926849365234,1.0,0.004915952682495117,1.0
280,2.6028778553009033,1.0,54.19784992599671,2.279287576675415,1.0,105.3466721152289,51.262691497802734,1.0,54.19784992599671,88.1222550868988,1.0,105.3466721152289,52.28714346885681,1.0,54.19784992599671,104.14732599258423,1.0,105.3466721152289,0.5532684326171875,1.0,0.005046367645263672,1.0
281,3.0678393840789795,1.0,54.19784992599671,2.580658197402954,1.0,105.3466721152289,59.028647661209106,1.0,54.19784992599671,64.89636325836182,1.0,105.3466721152289,0.877946138381958,1.0,50.57562456856817,1.234081506729126,1.0,168.9998037096252,0.006874561309814453,1.0,0.0063703060150146484,1.0
282,2.455260992050171,1.0,54.19784992599671,2.6595473289489746,1.0,105.3466721152289,61.168100357055664,1.0,54.19784992599671,79.59214472770691,1.0,105.3466721152289,1.4062342643737793,1.0,50.570280928086504,2.679347038269043,1.0,193.6195378157464,0.005487680435180664,1.0,0.005275726318359375,1.0
283,2.4442129135131836,1.0,54.19784992599671,2.452709674835205,1.0,105.3466721152289,54.07778882980347,1.0,54.19784992599671,64.30406975746155,1.0,105.3466721152289,1.576632022857666,1.0,50.35435920082068,9.201117277145386,1.0,205.94712134246663,0.00394892692565918,1.0,0.0035588741302490234,1.0
